position,size,source
11,3,1pm4_A
12,3,1pm4_A
13,3,1pm4_A
11,3,1spp_B
12,3,1spp_B
13,3,1spp_B
11,3,1spp_B
12,3,1spp_B
13,3,1spp_B
11,3,1pm4_A
12,3,1pm4_A
13,3,1pm4_A
11,3,1pm4_A
12,3,1pm4_A
13,3,1pm4_A
11,3,1spp_B
12,3,1spp_B
13,3,1spp_B
11,3,1pm4_A
12,3,1pm4_A
13,3,1pm4_A
11,3,1spp_B
12,3,1spp_B
13,3,1spp_B
11,3,1spp_B
12,3,1spp_B
13,3,1spp_B
11,3,1pm4_A
12,3,1pm4_A
13,3,1pm4_A
11,3,1spp_B
12,3,1spp_B
13,3,1spp_B
11,3,1pm4_A
12,3,1pm4_A
13,3,1pm4_A
11,3,1pm4_A
12,3,1pm4_A
13,3,1pm4_A
11,3,1spp_B
12,3,1spp_B
13,3,1spp_B
11,3,1spp_B
12,3,1spp_B
13,3,1spp_B
11,3,1pm4_A
12,3,1pm4_A
13,3,1pm4_A
11,3,1spp_B
12,3,1spp_B
13,3,1spp_B
11,3,1pm4_A
12,3,1pm4_A
13,3,1pm4_A
11,3,1pm4_A
12,3,1pm4_A
13,3,1pm4_A
11,3,1spp_B
12,3,1spp_B
13,3,1spp_B
11,3,1spp_B
12,3,1spp_B
13,3,1spp_B
11,3,1pm4_A
12,3,1pm4_A
13,3,1pm4_A
11,3,1pm4_A
12,3,1pm4_A
13,3,1pm4_A
11,3,1spp_B
12,3,1spp_B
13,3,1spp_B
11,3,1spp_B
12,3,1spp_B
13,3,1spp_B
11,3,1pm4_A
12,3,1pm4_A
13,3,1pm4_A
11,3,1pm4_A
12,3,1pm4_A
13,3,1pm4_A
11,3,1spp_B
12,3,1spp_B
13,3,1spp_B
11,3,1spp_B
12,3,1spp_B
13,3,1spp_B
11,3,1pm4_A
12,3,1pm4_A
13,3,1pm4_A
11,3,1pm4_A
12,3,1pm4_A
13,3,1pm4_A
11,3,1spp_B
12,3,1spp_B
13,3,1spp_B
11,3,1pm4_A
12,3,1pm4_A
13,3,1pm4_A
11,3,1spp_B
12,3,1spp_B
13,3,1spp_B
11,3,1spp_B
12,3,1spp_B
13,3,1spp_B
11,3,1pm4_A
12,3,1pm4_A
13,3,1pm4_A
11,3,1pm4_A
12,3,1pm4_A
13,3,1pm4_A
11,3,1spp_B
12,3,1spp_B
13,3,1spp_B
11,3,1spp_B
12,3,1spp_B
13,3,1spp_B
11,3,1pm4_A
12,3,1pm4_A
13,3,1pm4_A
11,3,1spp_B
12,3,1spp_B
13,3,1spp_B
11,3,1pm4_A
12,3,1pm4_A
13,3,1pm4_A
11,3,1spp_B
12,3,1spp_B
13,3,1spp_B
11,3,1pm4_A
12,3,1pm4_A
13,3,1pm4_A
11,3,1spp_B
12,3,1spp_B
13,3,1spp_B
11,3,1pm4_A
12,3,1pm4_A
13,3,1pm4_A
11,3,1spp_B
12,3,1spp_B
13,3,1spp_B
11,3,1pm4_A
12,3,1pm4_A
13,3,1pm4_A
11,3,1pm4_A
12,3,1pm4_A
13,3,1pm4_A
11,3,1spp_B
12,3,1spp_B
13,3,1spp_B
11,3,1spp_B
12,3,1spp_B
13,3,1spp_B
11,3,1pm4_A
12,3,1pm4_A
13,3,1pm4_A
11,3,1pm4_A
12,3,1pm4_A
13,3,1pm4_A
11,3,1spp_B
12,3,1spp_B
13,3,1spp_B
11,3,1pm4_A
12,3,1pm4_A
13,3,1pm4_A
11,3,1spp_B
12,3,1spp_B
13,3,1spp_B
11,3,1spp_B
12,3,1spp_B
13,3,1spp_B
11,3,1pm4_A
12,3,1pm4_A
13,3,1pm4_A
11,3,1spp_B
12,3,1spp_B
13,3,1spp_B
11,3,1pm4_A
12,3,1pm4_A
13,3,1pm4_A
11,3,1pm4_A
12,3,1pm4_A
13,3,1pm4_A
11,3,1spp_B
12,3,1spp_B
13,3,1spp_B
11,3,1pm4_A
12,3,1pm4_A
13,3,1pm4_A
11,3,1spp_B
12,3,1spp_B
13,3,1spp_B
11,3,1pm4_A
12,3,1pm4_A
13,3,1pm4_A
11,3,1spp_B
12,3,1spp_B
13,3,1spp_B
11,3,1spp_B
12,3,1spp_B
13,3,1spp_B
11,3,1pm4_A
12,3,1pm4_A
13,3,1pm4_A
11,3,1spp_B
12,3,1spp_B
13,3,1spp_B
11,3,1pm4_A
12,3,1pm4_A
13,3,1pm4_A
11,3,1pm4_A
12,3,1pm4_A
13,3,1pm4_A
11,3,1spp_B
12,3,1spp_B
13,3,1spp_B
11,3,1pm4_A
12,3,1pm4_A
13,3,1pm4_A
11,3,1spp_B
12,3,1spp_B
13,3,1spp_B
11,3,1pm4_A
12,3,1pm4_A
13,3,1pm4_A
11,3,1spp_B
12,3,1spp_B
13,3,1spp_B
11,3,1pm4_A
12,3,1pm4_A
13,3,1pm4_A
11,3,1spp_B
12,3,1spp_B
13,3,1spp_B
11,3,1pm4_A
12,3,1pm4_A
13,3,1pm4_A
11,3,1spp_B
12,3,1spp_B
13,3,1spp_B
11,3,1spp_B
12,3,1spp_B
13,3,1spp_B
11,3,1pm4_A
12,3,1pm4_A
13,3,1pm4_A
11,3,1pm4_A
12,3,1pm4_A
13,3,1pm4_A
11,3,1spp_B
12,3,1spp_B
13,3,1spp_B
11,3,1pm4_A
12,3,1pm4_A
13,3,1pm4_A
11,3,1spp_B
12,3,1spp_B
13,3,1spp_B
11,3,1pm4_A
12,3,1pm4_A
13,3,1pm4_A
11,3,1spp_B
12,3,1spp_B
13,3,1spp_B
11,3,1pm4_A
12,3,1pm4_A
13,3,1pm4_A
11,3,1spp_B
12,3,1spp_B
13,3,1spp_B
11,3,1pm4_A
12,3,1pm4_A
13,3,1pm4_A
11,3,1spp_B
12,3,1spp_B
13,3,1spp_B
11,3,1pm4_A
12,3,1pm4_A
13,3,1pm4_A
11,3,1spp_B
12,3,1spp_B
13,3,1spp_B
11,3,1spp_B
12,3,1spp_B
13,3,1spp_B
11,3,1pm4_A
12,3,1pm4_A
13,3,1pm4_A
11,3,1spp_B
12,3,1spp_B
13,3,1spp_B
11,3,1pm4_A
12,3,1pm4_A
13,3,1pm4_A
11,3,1pm4_A
12,3,1pm4_A
13,3,1pm4_A
11,3,1spp_B
12,3,1spp_B
13,3,1spp_B
11,3,1spp_B
12,3,1spp_B
13,3,1spp_B
11,3,1pm4_A
12,3,1pm4_A
13,3,1pm4_A
11,3,1pm4_A
12,3,1pm4_A
13,3,1pm4_A
11,3,1spp_B
12,3,1spp_B
13,3,1spp_B
11,3,1spp_B
12,3,1spp_B
13,3,1spp_B
11,3,1pm4_A
12,3,1pm4_A
13,3,1pm4_A
11,3,1pm4_A
12,3,1pm4_A
13,3,1pm4_A
11,3,1spp_B
12,3,1spp_B
13,3,1spp_B
11,3,1spp_B
12,3,1spp_B
13,3,1spp_B
11,3,1pm4_A
12,3,1pm4_A
13,3,1pm4_A
11,3,1spp_B
12,3,1spp_B
13,3,1spp_B
11,3,1pm4_A
12,3,1pm4_A
13,3,1pm4_A
11,3,1pm4_A
12,3,1pm4_A
13,3,1pm4_A
11,3,1spp_B
12,3,1spp_B
13,3,1spp_B
11,3,1pm4_A
12,3,1pm4_A
13,3,1pm4_A
11,3,1spp_B
12,3,1spp_B
13,3,1spp_B
11,3,1spp_B
12,3,1spp_B
13,3,1spp_B
11,3,1pm4_A
12,3,1pm4_A
13,3,1pm4_A
11,3,1pm4_A
12,3,1pm4_A
13,3,1pm4_A
11,3,1spp_B
12,3,1spp_B
13,3,1spp_B
11,3,1spp_B
12,3,1spp_B
13,3,1spp_B
11,3,1pm4_A
12,3,1pm4_A
13,3,1pm4_A
11,3,1spp_B
12,3,1spp_B
13,3,1spp_B
11,3,1pm4_A
12,3,1pm4_A
13,3,1pm4_A
11,3,1spp_B
12,3,1spp_B
13,3,1spp_B
11,3,1pm4_A
12,3,1pm4_A
13,3,1pm4_A
11,3,1spp_B
12,3,1spp_B
13,3,1spp_B
11,3,1pm4_A
12,3,1pm4_A
13,3,1pm4_A
11,3,1spp_B
12,3,1spp_B
13,3,1spp_B
11,3,1pm4_A
12,3,1pm4_A
13,3,1pm4_A
11,3,1pm4_A
12,3,1pm4_A
13,3,1pm4_A
11,3,1spp_B
12,3,1spp_B
13,3,1spp_B
11,3,1spp_B
12,3,1spp_B
13,3,1spp_B
11,3,1pm4_A
12,3,1pm4_A
13,3,1pm4_A
11,3,1spp_B
12,3,1spp_B
13,3,1spp_B
11,3,1pm4_A
12,3,1pm4_A
13,3,1pm4_A
11,3,1pm4_A
12,3,1pm4_A
13,3,1pm4_A
11,3,1spp_B
12,3,1spp_B
13,3,1spp_B
11,3,1spp_B
12,3,1spp_B
13,3,1spp_B
11,3,1pm4_A
12,3,1pm4_A
13,3,1pm4_A
11,3,1pm4_A
12,3,1pm4_A
13,3,1pm4_A
11,3,1spp_B
12,3,1spp_B
13,3,1spp_B
11,3,1spp_B
12,3,1spp_B
13,3,1spp_B
11,3,1pm4_A
12,3,1pm4_A
13,3,1pm4_A
11,3,1pm4_A
12,3,1pm4_A
13,3,1pm4_A
11,3,1spp_B
12,3,1spp_B
13,3,1spp_B
11,3,1pm4_A
12,3,1pm4_A
13,3,1pm4_A
11,3,1spp_B
12,3,1spp_B
13,3,1spp_B
11,3,1pm4_A
12,3,1pm4_A
13,3,1pm4_A
11,3,1spp_B
12,3,1spp_B
13,3,1spp_B
11,3,1pm4_A
12,3,1pm4_A
13,3,1pm4_A
11,3,1spp_B
12,3,1spp_B
13,3,1spp_B
11,3,1pm4_A
12,3,1pm4_A
13,3,1pm4_A
11,3,1spp_B
12,3,1spp_B
13,3,1spp_B
11,3,1pm4_A
12,3,1pm4_A
13,3,1pm4_A
11,3,1spp_B
12,3,1spp_B
13,3,1spp_B
11,3,1spp_B
12,3,1spp_B
13,3,1spp_B
11,3,1pm4_A
12,3,1pm4_A
13,3,1pm4_A
11,3,1pm4_A
12,3,1pm4_A
13,3,1pm4_A
11,3,1spp_B
12,3,1spp_B
13,3,1spp_B
11,3,1pm4_A
12,3,1pm4_A
13,3,1pm4_A
11,3,1spp_B
12,3,1spp_B
13,3,1spp_B
11,3,1pm4_A
12,3,1pm4_A
13,3,1pm4_A
11,3,1spp_B
12,3,1spp_B
13,3,1spp_B
11,3,1spp_B
12,3,1spp_B
13,3,1spp_B
11,3,1pm4_A
12,3,1pm4_A
13,3,1pm4_A
11,3,1pm4_A
12,3,1pm4_A
13,3,1pm4_A
11,3,1spp_B
12,3,1spp_B
13,3,1spp_B
11,3,1pm4_A
12,3,1pm4_A
13,3,1pm4_A
11,3,1spp_B
12,3,1spp_B
13,3,1spp_B
11,3,1pm4_A
12,3,1pm4_A
13,3,1pm4_A
11,3,1spp_B
12,3,1spp_B
13,3,1spp_B
11,3,1pm4_A
12,3,1pm4_A
13,3,1pm4_A
11,3,1spp_B
12,3,1spp_B
13,3,1spp_B
11,3,1spp_B
12,3,1spp_B
13,3,1spp_B
11,3,1pm4_A
12,3,1pm4_A
13,3,1pm4_A
11,3,1spp_B
12,3,1spp_B
13,3,1spp_B
11,3,1pm4_A
12,3,1pm4_A
13,3,1pm4_A
11,3,1pm4_A
12,3,1pm4_A
13,3,1pm4_A
11,3,1spp_B
12,3,1spp_B
13,3,1spp_B
11,3,1spp_B
12,3,1spp_B
13,3,1spp_B
11,3,1pm4_A
12,3,1pm4_A
13,3,1pm4_A
11,3,1pm4_A
12,3,1pm4_A
13,3,1pm4_A
11,3,1spp_B
12,3,1spp_B
13,3,1spp_B
11,3,1pm4_A
12,3,1pm4_A
13,3,1pm4_A
11,3,1spp_B
12,3,1spp_B
13,3,1spp_B
11,3,1pm4_A
12,3,1pm4_A
13,3,1pm4_A
11,3,1spp_B
12,3,1spp_B
13,3,1spp_B
11,3,1pm4_A
12,3,1pm4_A
13,3,1pm4_A
11,3,1spp_B
12,3,1spp_B
13,3,1spp_B
11,3,1spp_B
12,3,1spp_B
13,3,1spp_B
11,3,1pm4_A
12,3,1pm4_A
13,3,1pm4_A
11,3,1spp_B
12,3,1spp_B
13,3,1spp_B
11,3,1pm4_A
12,3,1pm4_A
13,3,1pm4_A
11,3,1spp_B
12,3,1spp_B
13,3,1spp_B
11,3,1pm4_A
12,3,1pm4_A
13,3,1pm4_A
11,3,1spp_B
12,3,1spp_B
13,3,1spp_B
11,3,1pm4_A
12,3,1pm4_A
13,3,1pm4_A
11,3,1pm4_A
12,3,1pm4_A
13,3,1pm4_A
11,3,1spp_B
12,3,1spp_B
13,3,1spp_B
12,3,1pm4_A
13,3,1pm4_A
14,3,1pm4_A
12,3,1spp_B
13,3,1spp_B
14,3,1spp_B
12,3,1pm4_A
13,3,1pm4_A
14,3,1pm4_A
12,3,1spp_B
13,3,1spp_B
14,3,1spp_B
12,3,1pm4_A
13,3,1pm4_A
14,3,1pm4_A
12,3,1spp_B
13,3,1spp_B
14,3,1spp_B
12,3,1pm4_A
13,3,1pm4_A
14,3,1pm4_A
12,3,1spp_B
13,3,1spp_B
14,3,1spp_B
12,3,1spp_B
13,3,1spp_B
14,3,1spp_B
12,3,1pm4_A
13,3,1pm4_A
14,3,1pm4_A
12,3,1pm4_A
13,3,1pm4_A
14,3,1pm4_A
12,3,1spp_B
13,3,1spp_B
14,3,1spp_B
12,3,1spp_B
13,3,1spp_B
14,3,1spp_B
12,3,1pm4_A
13,3,1pm4_A
14,3,1pm4_A
12,3,1pm4_A
13,3,1pm4_A
14,3,1pm4_A
12,3,1spp_B
13,3,1spp_B
14,3,1spp_B
12,3,1pm4_A
13,3,1pm4_A
14,3,1pm4_A
12,3,1spp_B
13,3,1spp_B
14,3,1spp_B
12,3,1pm4_A
13,3,1pm4_A
14,3,1pm4_A
12,3,1spp_B
13,3,1spp_B
14,3,1spp_B
12,3,1spp_B
13,3,1spp_B
14,3,1spp_B
12,3,1pm4_A
13,3,1pm4_A
14,3,1pm4_A
12,3,1pm4_A
13,3,1pm4_A
14,3,1pm4_A
12,3,1spp_B
13,3,1spp_B
14,3,1spp_B
12,3,1pm4_A
13,3,1pm4_A
14,3,1pm4_A
12,3,1spp_B
13,3,1spp_B
14,3,1spp_B
12,3,1spp_B
13,3,1spp_B
14,3,1spp_B
12,3,1pm4_A
13,3,1pm4_A
14,3,1pm4_A
12,3,1pm4_A
13,3,1pm4_A
14,3,1pm4_A
12,3,1spp_B
13,3,1spp_B
14,3,1spp_B
12,3,1pm4_A
13,3,1pm4_A
14,3,1pm4_A
12,3,1spp_B
13,3,1spp_B
14,3,1spp_B
12,3,1spp_B
13,3,1spp_B
14,3,1spp_B
12,3,1pm4_A
13,3,1pm4_A
14,3,1pm4_A
12,3,1spp_B
13,3,1spp_B
14,3,1spp_B
12,3,1pm4_A
13,3,1pm4_A
14,3,1pm4_A
12,3,1pm4_A
13,3,1pm4_A
14,3,1pm4_A
12,3,1spp_B
13,3,1spp_B
14,3,1spp_B
12,3,1pm4_A
13,3,1pm4_A
14,3,1pm4_A
12,3,1spp_B
13,3,1spp_B
14,3,1spp_B
12,3,1spp_B
13,3,1spp_B
14,3,1spp_B
12,3,1pm4_A
13,3,1pm4_A
14,3,1pm4_A
12,3,1pm4_A
13,3,1pm4_A
14,3,1pm4_A
12,3,1spp_B
13,3,1spp_B
14,3,1spp_B
12,3,1pm4_A
13,3,1pm4_A
14,3,1pm4_A
12,3,1spp_B
13,3,1spp_B
14,3,1spp_B
12,3,1spp_B
13,3,1spp_B
14,3,1spp_B
12,3,1pm4_A
13,3,1pm4_A
14,3,1pm4_A
12,3,1spp_B
13,3,1spp_B
14,3,1spp_B
12,3,1pm4_A
13,3,1pm4_A
14,3,1pm4_A
12,3,1pm4_A
13,3,1pm4_A
14,3,1pm4_A
12,3,1spp_B
13,3,1spp_B
14,3,1spp_B
12,3,1pm4_A
13,3,1pm4_A
14,3,1pm4_A
12,3,1spp_B
13,3,1spp_B
14,3,1spp_B
12,3,1spp_B
13,3,1spp_B
14,3,1spp_B
12,3,1pm4_A
13,3,1pm4_A
14,3,1pm4_A
12,3,1spp_B
13,3,1spp_B
14,3,1spp_B
12,3,1pm4_A
13,3,1pm4_A
14,3,1pm4_A
12,3,1pm4_A
13,3,1pm4_A
14,3,1pm4_A
12,3,1spp_B
13,3,1spp_B
14,3,1spp_B
12,3,1pm4_A
13,3,1pm4_A
14,3,1pm4_A
12,3,1spp_B
13,3,1spp_B
14,3,1spp_B
12,3,1spp_B
13,3,1spp_B
14,3,1spp_B
12,3,1pm4_A
13,3,1pm4_A
14,3,1pm4_A
12,3,1pm4_A
13,3,1pm4_A
14,3,1pm4_A
12,3,1spp_B
13,3,1spp_B
14,3,1spp_B
12,3,1spp_B
13,3,1spp_B
14,3,1spp_B
12,3,1pm4_A
13,3,1pm4_A
14,3,1pm4_A
12,3,1spp_B
13,3,1spp_B
14,3,1spp_B
12,3,1pm4_A
13,3,1pm4_A
14,3,1pm4_A
12,3,1spp_B
13,3,1spp_B
14,3,1spp_B
12,3,1pm4_A
13,3,1pm4_A
14,3,1pm4_A
12,3,1spp_B
13,3,1spp_B
14,3,1spp_B
12,3,1pm4_A
13,3,1pm4_A
14,3,1pm4_A
12,3,1pm4_A
13,3,1pm4_A
14,3,1pm4_A
12,3,1spp_B
13,3,1spp_B
14,3,1spp_B
12,3,1spp_B
13,3,1spp_B
14,3,1spp_B
12,3,1pm4_A
13,3,1pm4_A
14,3,1pm4_A
12,3,1spp_B
13,3,1spp_B
14,3,1spp_B
12,3,1pm4_A
13,3,1pm4_A
14,3,1pm4_A
12,3,1pm4_A
13,3,1pm4_A
14,3,1pm4_A
12,3,1spp_B
13,3,1spp_B
14,3,1spp_B
12,3,1pm4_A
13,3,1pm4_A
14,3,1pm4_A
12,3,1spp_B
13,3,1spp_B
14,3,1spp_B
12,3,1pm4_A
13,3,1pm4_A
14,3,1pm4_A
12,3,1spp_B
13,3,1spp_B
14,3,1spp_B
12,3,1spp_B
13,3,1spp_B
14,3,1spp_B
12,3,1pm4_A
13,3,1pm4_A
14,3,1pm4_A
12,3,1pm4_A
13,3,1pm4_A
14,3,1pm4_A
12,3,1spp_B
13,3,1spp_B
14,3,1spp_B
12,3,1pm4_A
13,3,1pm4_A
14,3,1pm4_A
12,3,1spp_B
13,3,1spp_B
14,3,1spp_B
12,3,1spp_B
13,3,1spp_B
14,3,1spp_B
12,3,1pm4_A
13,3,1pm4_A
14,3,1pm4_A
12,3,1spp_B
13,3,1spp_B
14,3,1spp_B
12,3,1pm4_A
13,3,1pm4_A
14,3,1pm4_A
12,3,1pm4_A
13,3,1pm4_A
14,3,1pm4_A
12,3,1spp_B
13,3,1spp_B
14,3,1spp_B
12,3,1pm4_A
13,3,1pm4_A
14,3,1pm4_A
12,3,1spp_B
13,3,1spp_B
14,3,1spp_B
12,3,1spp_B
13,3,1spp_B
14,3,1spp_B
12,3,1pm4_A
13,3,1pm4_A
14,3,1pm4_A
12,3,1spp_B
13,3,1spp_B
14,3,1spp_B
12,3,1pm4_A
13,3,1pm4_A
14,3,1pm4_A
12,3,1spp_B
13,3,1spp_B
14,3,1spp_B
12,3,1pm4_A
13,3,1pm4_A
14,3,1pm4_A
12,3,1spp_B
13,3,1spp_B
14,3,1spp_B
12,3,1pm4_A
13,3,1pm4_A
14,3,1pm4_A
12,3,1spp_B
13,3,1spp_B
14,3,1spp_B
12,3,1pm4_A
13,3,1pm4_A
14,3,1pm4_A
12,3,1pm4_A
13,3,1pm4_A
14,3,1pm4_A
12,3,1spp_B
13,3,1spp_B
14,3,1spp_B
12,3,1pm4_A
13,3,1pm4_A
14,3,1pm4_A
12,3,1spp_B
13,3,1spp_B
14,3,1spp_B
12,3,1pm4_A
13,3,1pm4_A
14,3,1pm4_A
12,3,1spp_B
13,3,1spp_B
14,3,1spp_B
12,3,1pm4_A
13,3,1pm4_A
14,3,1pm4_A
12,3,1spp_B
13,3,1spp_B
14,3,1spp_B
12,3,1spp_B
13,3,1spp_B
14,3,1spp_B
12,3,1pm4_A
13,3,1pm4_A
14,3,1pm4_A
12,3,1pm4_A
13,3,1pm4_A
14,3,1pm4_A
12,3,1spp_B
13,3,1spp_B
14,3,1spp_B
12,3,1pm4_A
13,3,1pm4_A
14,3,1pm4_A
12,3,1spp_B
13,3,1spp_B
14,3,1spp_B
12,3,1pm4_A
13,3,1pm4_A
14,3,1pm4_A
12,3,1spp_B
13,3,1spp_B
14,3,1spp_B
12,3,1pm4_A
13,3,1pm4_A
14,3,1pm4_A
12,3,1spp_B
13,3,1spp_B
14,3,1spp_B
12,3,1spp_B
13,3,1spp_B
14,3,1spp_B
12,3,1pm4_A
13,3,1pm4_A
14,3,1pm4_A
12,3,1spp_B
13,3,1spp_B
14,3,1spp_B
12,3,1pm4_A
13,3,1pm4_A
14,3,1pm4_A
12,3,1spp_B
13,3,1spp_B
14,3,1spp_B
12,3,1pm4_A
13,3,1pm4_A
14,3,1pm4_A
12,3,1pm4_A
13,3,1pm4_A
14,3,1pm4_A
12,3,1spp_B
13,3,1spp_B
14,3,1spp_B
12,3,1spp_B
13,3,1spp_B
14,3,1spp_B
12,3,1pm4_A
13,3,1pm4_A
14,3,1pm4_A
12,3,1spp_B
13,3,1spp_B
14,3,1spp_B
12,3,1pm4_A
13,3,1pm4_A
14,3,1pm4_A
12,3,1pm4_A
13,3,1pm4_A
14,3,1pm4_A
12,3,1spp_B
13,3,1spp_B
14,3,1spp_B
12,3,1spp_B
13,3,1spp_B
14,3,1spp_B
12,3,1pm4_A
13,3,1pm4_A
14,3,1pm4_A
12,3,1pm4_A
13,3,1pm4_A
14,3,1pm4_A
12,3,1spp_B
13,3,1spp_B
14,3,1spp_B
12,3,1pm4_A
13,3,1pm4_A
14,3,1pm4_A
12,3,1spp_B
13,3,1spp_B
14,3,1spp_B
12,3,1spp_B
13,3,1spp_B
14,3,1spp_B
12,3,1pm4_A
13,3,1pm4_A
14,3,1pm4_A
12,3,1spp_B
13,3,1spp_B
14,3,1spp_B
12,3,1pm4_A
13,3,1pm4_A
14,3,1pm4_A
12,3,1spp_B
13,3,1spp_B
14,3,1spp_B
12,3,1pm4_A
13,3,1pm4_A
14,3,1pm4_A
12,3,1pm4_A
13,3,1pm4_A
14,3,1pm4_A
12,3,1spp_B
13,3,1spp_B
14,3,1spp_B
12,3,1pm4_A
13,3,1pm4_A
14,3,1pm4_A
12,3,1spp_B
13,3,1spp_B
14,3,1spp_B
12,3,1spp_B
13,3,1spp_B
14,3,1spp_B
12,3,1pm4_A
13,3,1pm4_A
14,3,1pm4_A
12,3,1pm4_A
13,3,1pm4_A
14,3,1pm4_A
12,3,1spp_B
13,3,1spp_B
14,3,1spp_B
12,3,1pm4_A
13,3,1pm4_A
14,3,1pm4_A
12,3,1spp_B
13,3,1spp_B
14,3,1spp_B
12,3,1pm4_A
13,3,1pm4_A
14,3,1pm4_A
12,3,1spp_B
13,3,1spp_B
14,3,1spp_B
12,3,1pm4_A
13,3,1pm4_A
14,3,1pm4_A
12,3,1spp_B
13,3,1spp_B
14,3,1spp_B
12,3,1pm4_A
13,3,1pm4_A
14,3,1pm4_A
12,3,1spp_B
13,3,1spp_B
14,3,1spp_B
12,3,1spp_B
13,3,1spp_B
14,3,1spp_B
12,3,1pm4_A
13,3,1pm4_A
14,3,1pm4_A
12,3,1spp_B
13,3,1spp_B
14,3,1spp_B
12,3,1pm4_A
13,3,1pm4_A
14,3,1pm4_A
12,3,1spp_B
13,3,1spp_B
14,3,1spp_B
12,3,1pm4_A
13,3,1pm4_A
14,3,1pm4_A
12,3,1spp_B
13,3,1spp_B
14,3,1spp_B
12,3,1pm4_A
13,3,1pm4_A
14,3,1pm4_A
12,3,1pm4_A
13,3,1pm4_A
14,3,1pm4_A
12,3,1spp_B
13,3,1spp_B
14,3,1spp_B
12,3,1spp_B
13,3,1spp_B
14,3,1spp_B
12,3,1pm4_A
13,3,1pm4_A
14,3,1pm4_A
12,3,1pm4_A
13,3,1pm4_A
14,3,1pm4_A
12,3,1spp_B
13,3,1spp_B
14,3,1spp_B
12,3,1spp_B
13,3,1spp_B
14,3,1spp_B
12,3,1pm4_A
13,3,1pm4_A
14,3,1pm4_A
12,3,1spp_B
13,3,1spp_B
14,3,1spp_B
12,3,1pm4_A
13,3,1pm4_A
14,3,1pm4_A
12,3,1spp_B
13,3,1spp_B
14,3,1spp_B
12,3,1pm4_A
13,3,1pm4_A
14,3,1pm4_A
12,3,1spp_B
13,3,1spp_B
14,3,1spp_B
12,3,1pm4_A
13,3,1pm4_A
14,3,1pm4_A
12,3,1spp_B
13,3,1spp_B
14,3,1spp_B
12,3,1pm4_A
13,3,1pm4_A
14,3,1pm4_A
12,3,1spp_B
13,3,1spp_B
14,3,1spp_B
12,3,1pm4_A
13,3,1pm4_A
14,3,1pm4_A
12,3,1pm4_A
13,3,1pm4_A
14,3,1pm4_A
12,3,1spp_B
13,3,1spp_B
14,3,1spp_B
12,3,1pm4_A
13,3,1pm4_A
14,3,1pm4_A
12,3,1spp_B
13,3,1spp_B
14,3,1spp_B
13,3,1pm4_A
14,3,1pm4_A
15,3,1pm4_A
13,3,1spp_B
14,3,1spp_B
15,3,1spp_B
13,3,1pm4_A
14,3,1pm4_A
15,3,1pm4_A
13,3,1spp_B
14,3,1spp_B
15,3,1spp_B
13,3,1spp_B
14,3,1spp_B
15,3,1spp_B
13,3,1pm4_A
14,3,1pm4_A
15,3,1pm4_A
13,3,1spp_B
14,3,1spp_B
15,3,1spp_B
13,3,1pm4_A
14,3,1pm4_A
15,3,1pm4_A
13,3,1pm4_A
14,3,1pm4_A
15,3,1pm4_A
13,3,1spp_B
14,3,1spp_B
15,3,1spp_B
13,3,1pm4_A
14,3,1pm4_A
15,3,1pm4_A
13,3,1spp_B
14,3,1spp_B
15,3,1spp_B
13,3,1spp_B
14,3,1spp_B
15,3,1spp_B
13,3,1pm4_A
14,3,1pm4_A
15,3,1pm4_A
13,3,1pm4_A
14,3,1pm4_A
15,3,1pm4_A
13,3,1spp_B
14,3,1spp_B
15,3,1spp_B
13,3,1pm4_A
14,3,1pm4_A
15,3,1pm4_A
13,3,1spp_B
14,3,1spp_B
15,3,1spp_B
13,3,1pm4_A
14,3,1pm4_A
15,3,1pm4_A
13,3,1spp_B
14,3,1spp_B
15,3,1spp_B
13,3,1pm4_A
14,3,1pm4_A
15,3,1pm4_A
13,3,1spp_B
14,3,1spp_B
15,3,1spp_B
13,3,1spp_B
14,3,1spp_B
15,3,1spp_B
13,3,1pm4_A
14,3,1pm4_A
15,3,1pm4_A
13,3,1spp_B
14,3,1spp_B
15,3,1spp_B
13,3,1pm4_A
14,3,1pm4_A
15,3,1pm4_A
13,3,1pm4_A
14,3,1pm4_A
15,3,1pm4_A
13,3,1spp_B
14,3,1spp_B
15,3,1spp_B
13,3,1spp_B
14,3,1spp_B
15,3,1spp_B
13,3,1pm4_A
14,3,1pm4_A
15,3,1pm4_A
13,3,1spp_B
14,3,1spp_B
15,3,1spp_B
13,3,1pm4_A
14,3,1pm4_A
15,3,1pm4_A
13,3,1pm4_A
14,3,1pm4_A
15,3,1pm4_A
13,3,1spp_B
14,3,1spp_B
15,3,1spp_B
13,3,1pm4_A
14,3,1pm4_A
15,3,1pm4_A
13,3,1spp_B
14,3,1spp_B
15,3,1spp_B
13,3,1spp_B
14,3,1spp_B
15,3,1spp_B
13,3,1pm4_A
14,3,1pm4_A
15,3,1pm4_A
13,3,1spp_B
14,3,1spp_B
15,3,1spp_B
13,3,1pm4_A
14,3,1pm4_A
15,3,1pm4_A
13,3,1spp_B
14,3,1spp_B
15,3,1spp_B
13,3,1pm4_A
14,3,1pm4_A
15,3,1pm4_A
13,3,1pm4_A
14,3,1pm4_A
15,3,1pm4_A
13,3,1spp_B
14,3,1spp_B
15,3,1spp_B
13,3,1spp_B
14,3,1spp_B
15,3,1spp_B
13,3,1pm4_A
14,3,1pm4_A
15,3,1pm4_A
13,3,1spp_B
14,3,1spp_B
15,3,1spp_B
13,3,1pm4_A
14,3,1pm4_A
15,3,1pm4_A
13,3,1pm4_A
14,3,1pm4_A
15,3,1pm4_A
13,3,1spp_B
14,3,1spp_B
15,3,1spp_B
13,3,1pm4_A
14,3,1pm4_A
15,3,1pm4_A
13,3,1spp_B
14,3,1spp_B
15,3,1spp_B
13,3,1spp_B
14,3,1spp_B
15,3,1spp_B
13,3,1pm4_A
14,3,1pm4_A
15,3,1pm4_A
13,3,1spp_B
14,3,1spp_B
15,3,1spp_B
13,3,1pm4_A
14,3,1pm4_A
15,3,1pm4_A
13,3,1pm4_A
14,3,1pm4_A
15,3,1pm4_A
13,3,1spp_B
14,3,1spp_B
15,3,1spp_B
13,3,1pm4_A
14,3,1pm4_A
15,3,1pm4_A
13,3,1spp_B
14,3,1spp_B
15,3,1spp_B
13,3,1spp_B
14,3,1spp_B
15,3,1spp_B
13,3,1pm4_A
14,3,1pm4_A
15,3,1pm4_A
13,3,1pm4_A
14,3,1pm4_A
15,3,1pm4_A
13,3,1spp_B
14,3,1spp_B
15,3,1spp_B
13,3,1spp_B
14,3,1spp_B
15,3,1spp_B
13,3,1pm4_A
14,3,1pm4_A
15,3,1pm4_A
13,3,1pm4_A
14,3,1pm4_A
15,3,1pm4_A
13,3,1spp_B
14,3,1spp_B
15,3,1spp_B
13,3,1spp_B
14,3,1spp_B
15,3,1spp_B
13,3,1pm4_A
14,3,1pm4_A
15,3,1pm4_A
13,3,1pm4_A
14,3,1pm4_A
15,3,1pm4_A
13,3,1spp_B
14,3,1spp_B
15,3,1spp_B
13,3,1spp_B
14,3,1spp_B
15,3,1spp_B
13,3,1pm4_A
14,3,1pm4_A
15,3,1pm4_A
13,3,1pm4_A
14,3,1pm4_A
15,3,1pm4_A
13,3,1spp_B
14,3,1spp_B
15,3,1spp_B
13,3,1pm4_A
14,3,1pm4_A
15,3,1pm4_A
13,3,1spp_B
14,3,1spp_B
15,3,1spp_B
13,3,1pm4_A
14,3,1pm4_A
15,3,1pm4_A
13,3,1spp_B
14,3,1spp_B
15,3,1spp_B
13,3,1pm4_A
14,3,1pm4_A
15,3,1pm4_A
13,3,1spp_B
14,3,1spp_B
15,3,1spp_B
13,3,1pm4_A
14,3,1pm4_A
15,3,1pm4_A
13,3,1spp_B
14,3,1spp_B
15,3,1spp_B
13,3,1pm4_A
14,3,1pm4_A
15,3,1pm4_A
13,3,1spp_B
14,3,1spp_B
15,3,1spp_B
13,3,1spp_B
14,3,1spp_B
15,3,1spp_B
13,3,1pm4_A
14,3,1pm4_A
15,3,1pm4_A
13,3,1spp_B
14,3,1spp_B
15,3,1spp_B
13,3,1pm4_A
14,3,1pm4_A
15,3,1pm4_A
13,3,1spp_B
14,3,1spp_B
15,3,1spp_B
13,3,1pm4_A
14,3,1pm4_A
15,3,1pm4_A
13,3,1pm4_A
14,3,1pm4_A
15,3,1pm4_A
13,3,1spp_B
14,3,1spp_B
15,3,1spp_B
13,3,1spp_B
14,3,1spp_B
15,3,1spp_B
13,3,1pm4_A
14,3,1pm4_A
15,3,1pm4_A
13,3,1pm4_A
14,3,1pm4_A
15,3,1pm4_A
13,3,1spp_B
14,3,1spp_B
15,3,1spp_B
13,3,1pm4_A
14,3,1pm4_A
15,3,1pm4_A
13,3,1spp_B
14,3,1spp_B
15,3,1spp_B
13,3,1spp_B
14,3,1spp_B
15,3,1spp_B
13,3,1pm4_A
14,3,1pm4_A
15,3,1pm4_A
13,3,1spp_B
14,3,1spp_B
15,3,1spp_B
13,3,1pm4_A
14,3,1pm4_A
15,3,1pm4_A
13,3,1spp_B
14,3,1spp_B
15,3,1spp_B
13,3,1pm4_A
14,3,1pm4_A
15,3,1pm4_A
13,3,1pm4_A
14,3,1pm4_A
15,3,1pm4_A
13,3,1spp_B
14,3,1spp_B
15,3,1spp_B
13,3,1pm4_A
14,3,1pm4_A
15,3,1pm4_A
13,3,1spp_B
14,3,1spp_B
15,3,1spp_B
13,3,1spp_B
14,3,1spp_B
15,3,1spp_B
13,3,1pm4_A
14,3,1pm4_A
15,3,1pm4_A
13,3,1spp_B
14,3,1spp_B
15,3,1spp_B
13,3,1pm4_A
14,3,1pm4_A
15,3,1pm4_A
13,3,1pm4_A
14,3,1pm4_A
15,3,1pm4_A
13,3,1spp_B
14,3,1spp_B
15,3,1spp_B
13,3,1spp_B
14,3,1spp_B
15,3,1spp_B
13,3,1pm4_A
14,3,1pm4_A
15,3,1pm4_A
13,3,1pm4_A
14,3,1pm4_A
15,3,1pm4_A
13,3,1spp_B
14,3,1spp_B
15,3,1spp_B
13,3,1pm4_A
14,3,1pm4_A
15,3,1pm4_A
13,3,1spp_B
14,3,1spp_B
15,3,1spp_B
13,3,1pm4_A
14,3,1pm4_A
15,3,1pm4_A
13,3,1spp_B
14,3,1spp_B
15,3,1spp_B
13,3,1pm4_A
14,3,1pm4_A
15,3,1pm4_A
13,3,1spp_B
14,3,1spp_B
15,3,1spp_B
13,3,1pm4_A
14,3,1pm4_A
15,3,1pm4_A
13,3,1spp_B
14,3,1spp_B
15,3,1spp_B
13,3,1spp_B
14,3,1spp_B
15,3,1spp_B
13,3,1pm4_A
14,3,1pm4_A
15,3,1pm4_A
13,3,1spp_B
14,3,1spp_B
15,3,1spp_B
13,3,1pm4_A
14,3,1pm4_A
15,3,1pm4_A
13,3,1spp_B
14,3,1spp_B
15,3,1spp_B
13,3,1pm4_A
14,3,1pm4_A
15,3,1pm4_A
13,3,1pm4_A
14,3,1pm4_A
15,3,1pm4_A
13,3,1spp_B
14,3,1spp_B
15,3,1spp_B
13,3,1spp_B
14,3,1spp_B
15,3,1spp_B
13,3,1pm4_A
14,3,1pm4_A
15,3,1pm4_A
13,3,1pm4_A
14,3,1pm4_A
15,3,1pm4_A
13,3,1spp_B
14,3,1spp_B
15,3,1spp_B
13,3,1pm4_A
14,3,1pm4_A
15,3,1pm4_A
13,3,1spp_B
14,3,1spp_B
15,3,1spp_B
13,3,1spp_B
14,3,1spp_B
15,3,1spp_B
13,3,1pm4_A
14,3,1pm4_A
15,3,1pm4_A
13,3,1spp_B
14,3,1spp_B
15,3,1spp_B
13,3,1pm4_A
14,3,1pm4_A
15,3,1pm4_A
13,3,1spp_B
14,3,1spp_B
15,3,1spp_B
13,3,1pm4_A
14,3,1pm4_A
15,3,1pm4_A
13,3,1spp_B
14,3,1spp_B
15,3,1spp_B
13,3,1pm4_A
14,3,1pm4_A
15,3,1pm4_A
13,3,1pm4_A
14,3,1pm4_A
15,3,1pm4_A
13,3,1spp_B
14,3,1spp_B
15,3,1spp_B
13,3,1spp_B
14,3,1spp_B
15,3,1spp_B
13,3,1pm4_A
14,3,1pm4_A
15,3,1pm4_A
13,3,1pm4_A
14,3,1pm4_A
15,3,1pm4_A
13,3,1spp_B
14,3,1spp_B
15,3,1spp_B
13,3,1spp_B
14,3,1spp_B
15,3,1spp_B
13,3,1pm4_A
14,3,1pm4_A
15,3,1pm4_A
13,3,1spp_B
14,3,1spp_B
15,3,1spp_B
13,3,1pm4_A
14,3,1pm4_A
15,3,1pm4_A
13,3,1pm4_A
14,3,1pm4_A
15,3,1pm4_A
13,3,1spp_B
14,3,1spp_B
15,3,1spp_B
13,3,1pm4_A
14,3,1pm4_A
15,3,1pm4_A
13,3,1spp_B
14,3,1spp_B
15,3,1spp_B
13,3,1pm4_A
14,3,1pm4_A
15,3,1pm4_A
13,3,1spp_B
14,3,1spp_B
15,3,1spp_B
13,3,1spp_B
14,3,1spp_B
15,3,1spp_B
13,3,1pm4_A
14,3,1pm4_A
15,3,1pm4_A
13,3,1pm4_A
14,3,1pm4_A
15,3,1pm4_A
13,3,1spp_B
14,3,1spp_B
15,3,1spp_B
13,3,1spp_B
14,3,1spp_B
15,3,1spp_B
13,3,1pm4_A
14,3,1pm4_A
15,3,1pm4_A
13,3,1pm4_A
14,3,1pm4_A
15,3,1pm4_A
13,3,1spp_B
14,3,1spp_B
15,3,1spp_B
13,3,1pm4_A
14,3,1pm4_A
15,3,1pm4_A
13,3,1spp_B
14,3,1spp_B
15,3,1spp_B
13,3,1spp_B
14,3,1spp_B
15,3,1spp_B
13,3,1pm4_A
14,3,1pm4_A
15,3,1pm4_A
13,3,1pm4_A
14,3,1pm4_A
15,3,1pm4_A
13,3,1spp_B
14,3,1spp_B
15,3,1spp_B
13,3,1spp_B
14,3,1spp_B
15,3,1spp_B
13,3,1pm4_A
14,3,1pm4_A
15,3,1pm4_A
13,3,1pm4_A
14,3,1pm4_A
15,3,1pm4_A
13,3,1spp_B
14,3,1spp_B
15,3,1spp_B
13,3,1spp_B
14,3,1spp_B
15,3,1spp_B
13,3,1pm4_A
14,3,1pm4_A
15,3,1pm4_A
13,3,1spp_B
14,3,1spp_B
15,3,1spp_B
13,3,1pm4_A
14,3,1pm4_A
15,3,1pm4_A
13,3,1spp_B
14,3,1spp_B
15,3,1spp_B
13,3,1pm4_A
14,3,1pm4_A
15,3,1pm4_A
13,3,1pm4_A
14,3,1pm4_A
15,3,1pm4_A
13,3,1spp_B
14,3,1spp_B
15,3,1spp_B
13,3,1pm4_A
14,3,1pm4_A
15,3,1pm4_A
13,3,1spp_B
14,3,1spp_B
15,3,1spp_B
13,3,1spp_B
14,3,1spp_B
15,3,1spp_B
13,3,1pm4_A
14,3,1pm4_A
15,3,1pm4_A
13,3,1spp_B
14,3,1spp_B
15,3,1spp_B
13,3,1pm4_A
14,3,1pm4_A
15,3,1pm4_A
13,3,1pm4_A
14,3,1pm4_A
15,3,1pm4_A
13,3,1spp_B
14,3,1spp_B
15,3,1spp_B
14,3,1pm4_A
15,3,1pm4_A
16,3,1pm4_A
14,3,1spp_B
15,3,1spp_B
16,3,1spp_B
14,3,1pm4_A
15,3,1pm4_A
16,3,1pm4_A
14,3,1spp_B
15,3,1spp_B
16,3,1spp_B
14,3,1pm4_A
15,3,1pm4_A
16,3,1pm4_A
14,3,1spp_B
15,3,1spp_B
16,3,1spp_B
14,3,1spp_B
15,3,1spp_B
16,3,1spp_B
14,3,1pm4_A
15,3,1pm4_A
16,3,1pm4_A
14,3,1pm4_A
15,3,1pm4_A
16,3,1pm4_A
14,3,1spp_B
15,3,1spp_B
16,3,1spp_B
14,3,1spp_B
15,3,1spp_B
16,3,1spp_B
14,3,1pm4_A
15,3,1pm4_A
16,3,1pm4_A
14,3,1spp_B
15,3,1spp_B
16,3,1spp_B
14,3,1pm4_A
15,3,1pm4_A
16,3,1pm4_A
14,3,1spp_B
15,3,1spp_B
16,3,1spp_B
14,3,1pm4_A
15,3,1pm4_A
16,3,1pm4_A
14,3,1spp_B
15,3,1spp_B
16,3,1spp_B
14,3,1pm4_A
15,3,1pm4_A
16,3,1pm4_A
14,3,1spp_B
15,3,1spp_B
16,3,1spp_B
14,3,1pm4_A
15,3,1pm4_A
16,3,1pm4_A
14,3,1spp_B
15,3,1spp_B
16,3,1spp_B
14,3,1pm4_A
15,3,1pm4_A
16,3,1pm4_A
14,3,1pm4_A
15,3,1pm4_A
16,3,1pm4_A
14,3,1spp_B
15,3,1spp_B
16,3,1spp_B
14,3,1pm4_A
15,3,1pm4_A
16,3,1pm4_A
14,3,1spp_B
15,3,1spp_B
16,3,1spp_B
14,3,1pm4_A
15,3,1pm4_A
16,3,1pm4_A
14,3,1spp_B
15,3,1spp_B
16,3,1spp_B
14,3,1spp_B
15,3,1spp_B
16,3,1spp_B
14,3,1pm4_A
15,3,1pm4_A
16,3,1pm4_A
14,3,1spp_B
15,3,1spp_B
16,3,1spp_B
14,3,1pm4_A
15,3,1pm4_A
16,3,1pm4_A
14,3,1spp_B
15,3,1spp_B
16,3,1spp_B
14,3,1pm4_A
15,3,1pm4_A
16,3,1pm4_A
14,3,1pm4_A
15,3,1pm4_A
16,3,1pm4_A
14,3,1spp_B
15,3,1spp_B
16,3,1spp_B
14,3,1pm4_A
15,3,1pm4_A
16,3,1pm4_A
14,3,1spp_B
15,3,1spp_B
16,3,1spp_B
14,3,1spp_B
15,3,1spp_B
16,3,1spp_B
14,3,1pm4_A
15,3,1pm4_A
16,3,1pm4_A
14,3,1pm4_A
15,3,1pm4_A
16,3,1pm4_A
14,3,1spp_B
15,3,1spp_B
16,3,1spp_B
14,3,1pm4_A
15,3,1pm4_A
16,3,1pm4_A
14,3,1spp_B
15,3,1spp_B
16,3,1spp_B
14,3,1spp_B
15,3,1spp_B
16,3,1spp_B
14,3,1pm4_A
15,3,1pm4_A
16,3,1pm4_A
14,3,1spp_B
15,3,1spp_B
16,3,1spp_B
14,3,1pm4_A
15,3,1pm4_A
16,3,1pm4_A
14,3,1spp_B
15,3,1spp_B
16,3,1spp_B
14,3,1pm4_A
15,3,1pm4_A
16,3,1pm4_A
14,3,1pm4_A
15,3,1pm4_A
16,3,1pm4_A
14,3,1spp_B
15,3,1spp_B
16,3,1spp_B
14,3,1pm4_A
15,3,1pm4_A
16,3,1pm4_A
14,3,1spp_B
15,3,1spp_B
16,3,1spp_B
14,3,1pm4_A
15,3,1pm4_A
16,3,1pm4_A
14,3,1spp_B
15,3,1spp_B
16,3,1spp_B
14,3,1pm4_A
15,3,1pm4_A
16,3,1pm4_A
14,3,1spp_B
15,3,1spp_B
16,3,1spp_B
14,3,1pm4_A
15,3,1pm4_A
16,3,1pm4_A
14,3,1spp_B
15,3,1spp_B
16,3,1spp_B
14,3,1spp_B
15,3,1spp_B
16,3,1spp_B
14,3,1pm4_A
15,3,1pm4_A
16,3,1pm4_A
14,3,1pm4_A
15,3,1pm4_A
16,3,1pm4_A
14,3,1spp_B
15,3,1spp_B
16,3,1spp_B
14,3,1pm4_A
15,3,1pm4_A
16,3,1pm4_A
14,3,1spp_B
15,3,1spp_B
16,3,1spp_B
14,3,1pm4_A
15,3,1pm4_A
16,3,1pm4_A
14,3,1spp_B
15,3,1spp_B
16,3,1spp_B
14,3,1pm4_A
15,3,1pm4_A
16,3,1pm4_A
14,3,1spp_B
15,3,1spp_B
16,3,1spp_B
14,3,1spp_B
15,3,1spp_B
16,3,1spp_B
14,3,1pm4_A
15,3,1pm4_A
16,3,1pm4_A
14,3,1pm4_A
15,3,1pm4_A
16,3,1pm4_A
14,3,1spp_B
15,3,1spp_B
16,3,1spp_B
14,3,1spp_B
15,3,1spp_B
16,3,1spp_B
14,3,1pm4_A
15,3,1pm4_A
16,3,1pm4_A
14,3,1pm4_A
15,3,1pm4_A
16,3,1pm4_A
14,3,1spp_B
15,3,1spp_B
16,3,1spp_B
14,3,1pm4_A
15,3,1pm4_A
16,3,1pm4_A
14,3,1spp_B
15,3,1spp_B
16,3,1spp_B
14,3,1spp_B
15,3,1spp_B
16,3,1spp_B
14,3,1pm4_A
15,3,1pm4_A
16,3,1pm4_A
14,3,1pm4_A
15,3,1pm4_A
16,3,1pm4_A
14,3,1spp_B
15,3,1spp_B
16,3,1spp_B
14,3,1spp_B
15,3,1spp_B
16,3,1spp_B
14,3,1pm4_A
15,3,1pm4_A
16,3,1pm4_A
14,3,1pm4_A
15,3,1pm4_A
16,3,1pm4_A
14,3,1spp_B
15,3,1spp_B
16,3,1spp_B
14,3,1pm4_A
15,3,1pm4_A
16,3,1pm4_A
14,3,1spp_B
15,3,1spp_B
16,3,1spp_B
14,3,1spp_B
15,3,1spp_B
16,3,1spp_B
14,3,1pm4_A
15,3,1pm4_A
16,3,1pm4_A
14,3,1spp_B
15,3,1spp_B
16,3,1spp_B
14,3,1pm4_A
15,3,1pm4_A
16,3,1pm4_A
14,3,1pm4_A
15,3,1pm4_A
16,3,1pm4_A
14,3,1spp_B
15,3,1spp_B
16,3,1spp_B
14,3,1pm4_A
15,3,1pm4_A
16,3,1pm4_A
14,3,1spp_B
15,3,1spp_B
16,3,1spp_B
14,3,1pm4_A
15,3,1pm4_A
16,3,1pm4_A
14,3,1spp_B
15,3,1spp_B
16,3,1spp_B
14,3,1spp_B
15,3,1spp_B
16,3,1spp_B
14,3,1pm4_A
15,3,1pm4_A
16,3,1pm4_A
14,3,1pm4_A
15,3,1pm4_A
16,3,1pm4_A
14,3,1spp_B
15,3,1spp_B
16,3,1spp_B
14,3,1spp_B
15,3,1spp_B
16,3,1spp_B
14,3,1pm4_A
15,3,1pm4_A
16,3,1pm4_A
14,3,1pm4_A
15,3,1pm4_A
16,3,1pm4_A
14,3,1spp_B
15,3,1spp_B
16,3,1spp_B
14,3,1spp_B
15,3,1spp_B
16,3,1spp_B
14,3,1pm4_A
15,3,1pm4_A
16,3,1pm4_A
14,3,1pm4_A
15,3,1pm4_A
16,3,1pm4_A
14,3,1spp_B
15,3,1spp_B
16,3,1spp_B
14,3,1spp_B
15,3,1spp_B
16,3,1spp_B
14,3,1pm4_A
15,3,1pm4_A
16,3,1pm4_A
14,3,1spp_B
15,3,1spp_B
16,3,1spp_B
14,3,1pm4_A
15,3,1pm4_A
16,3,1pm4_A
14,3,1pm4_A
15,3,1pm4_A
16,3,1pm4_A
14,3,1spp_B
15,3,1spp_B
16,3,1spp_B
14,3,1pm4_A
15,3,1pm4_A
16,3,1pm4_A
14,3,1spp_B
15,3,1spp_B
16,3,1spp_B
14,3,1pm4_A
15,3,1pm4_A
16,3,1pm4_A
14,3,1spp_B
15,3,1spp_B
16,3,1spp_B
14,3,1spp_B
15,3,1spp_B
16,3,1spp_B
14,3,1pm4_A
15,3,1pm4_A
16,3,1pm4_A
14,3,1pm4_A
15,3,1pm4_A
16,3,1pm4_A
14,3,1spp_B
15,3,1spp_B
16,3,1spp_B
14,3,1spp_B
15,3,1spp_B
16,3,1spp_B
14,3,1pm4_A
15,3,1pm4_A
16,3,1pm4_A
14,3,1pm4_A
15,3,1pm4_A
16,3,1pm4_A
14,3,1spp_B
15,3,1spp_B
16,3,1spp_B
14,3,1spp_B
15,3,1spp_B
16,3,1spp_B
14,3,1pm4_A
15,3,1pm4_A
16,3,1pm4_A
14,3,1pm4_A
15,3,1pm4_A
16,3,1pm4_A
14,3,1spp_B
15,3,1spp_B
16,3,1spp_B
14,3,1pm4_A
15,3,1pm4_A
16,3,1pm4_A
14,3,1spp_B
15,3,1spp_B
16,3,1spp_B
14,3,1pm4_A
15,3,1pm4_A
16,3,1pm4_A
14,3,1spp_B
15,3,1spp_B
16,3,1spp_B
14,3,1pm4_A
15,3,1pm4_A
16,3,1pm4_A
14,3,1spp_B
15,3,1spp_B
16,3,1spp_B
14,3,1spp_B
15,3,1spp_B
16,3,1spp_B
14,3,1pm4_A
15,3,1pm4_A
16,3,1pm4_A
14,3,1pm4_A
15,3,1pm4_A
16,3,1pm4_A
14,3,1spp_B
15,3,1spp_B
16,3,1spp_B
14,3,1pm4_A
15,3,1pm4_A
16,3,1pm4_A
14,3,1spp_B
15,3,1spp_B
16,3,1spp_B
14,3,1pm4_A
15,3,1pm4_A
16,3,1pm4_A
14,3,1spp_B
15,3,1spp_B
16,3,1spp_B
14,3,1pm4_A
15,3,1pm4_A
16,3,1pm4_A
14,3,1spp_B
15,3,1spp_B
16,3,1spp_B
14,3,1spp_B
15,3,1spp_B
16,3,1spp_B
14,3,1pm4_A
15,3,1pm4_A
16,3,1pm4_A
14,3,1spp_B
15,3,1spp_B
16,3,1spp_B
14,3,1pm4_A
15,3,1pm4_A
16,3,1pm4_A
14,3,1pm4_A
15,3,1pm4_A
16,3,1pm4_A
14,3,1spp_B
15,3,1spp_B
16,3,1spp_B
14,3,1pm4_A
15,3,1pm4_A
16,3,1pm4_A
14,3,1spp_B
15,3,1spp_B
16,3,1spp_B
14,3,1pm4_A
15,3,1pm4_A
16,3,1pm4_A
14,3,1spp_B
15,3,1spp_B
16,3,1spp_B
14,3,1spp_B
15,3,1spp_B
16,3,1spp_B
14,3,1pm4_A
15,3,1pm4_A
16,3,1pm4_A
14,3,1spp_B
15,3,1spp_B
16,3,1spp_B
14,3,1pm4_A
15,3,1pm4_A
16,3,1pm4_A
14,3,1spp_B
15,3,1spp_B
16,3,1spp_B
14,3,1pm4_A
15,3,1pm4_A
16,3,1pm4_A
14,3,1spp_B
15,3,1spp_B
16,3,1spp_B
14,3,1pm4_A
15,3,1pm4_A
16,3,1pm4_A
14,3,1spp_B
15,3,1spp_B
16,3,1spp_B
14,3,1pm4_A
15,3,1pm4_A
16,3,1pm4_A
14,3,1pm4_A
15,3,1pm4_A
16,3,1pm4_A
14,3,1spp_B
15,3,1spp_B
16,3,1spp_B
14,3,1pm4_A
15,3,1pm4_A
16,3,1pm4_A
14,3,1spp_B
15,3,1spp_B
16,3,1spp_B
14,3,1pm4_A
15,3,1pm4_A
16,3,1pm4_A
14,3,1spp_B
15,3,1spp_B
16,3,1spp_B
14,3,1spp_B
15,3,1spp_B
16,3,1spp_B
14,3,1pm4_A
15,3,1pm4_A
16,3,1pm4_A
14,3,1spp_B
15,3,1spp_B
16,3,1spp_B
14,3,1pm4_A
15,3,1pm4_A
16,3,1pm4_A
14,3,1pm4_A
15,3,1pm4_A
16,3,1pm4_A
14,3,1spp_B
15,3,1spp_B
16,3,1spp_B
14,3,1pm4_A
15,3,1pm4_A
16,3,1pm4_A
14,3,1spp_B
15,3,1spp_B
16,3,1spp_B
14,3,1spp_B
15,3,1spp_B
16,3,1spp_B
14,3,1pm4_A
15,3,1pm4_A
16,3,1pm4_A
14,3,1pm4_A
15,3,1pm4_A
16,3,1pm4_A
14,3,1spp_B
15,3,1spp_B
16,3,1spp_B
14,3,1spp_B
15,3,1spp_B
16,3,1spp_B
14,3,1pm4_A
15,3,1pm4_A
16,3,1pm4_A
14,3,1spp_B
15,3,1spp_B
16,3,1spp_B
14,3,1pm4_A
15,3,1pm4_A
16,3,1pm4_A
14,3,1pm4_A
15,3,1pm4_A
16,3,1pm4_A
14,3,1spp_B
15,3,1spp_B
16,3,1spp_B
14,3,1spp_B
15,3,1spp_B
16,3,1spp_B
14,3,1pm4_A
15,3,1pm4_A
16,3,1pm4_A
14,3,1pm4_A
15,3,1pm4_A
16,3,1pm4_A
14,3,1spp_B
15,3,1spp_B
16,3,1spp_B
14,3,1spp_B
15,3,1spp_B
16,3,1spp_B
14,3,1pm4_A
15,3,1pm4_A
16,3,1pm4_A
15,3,1pm4_A
16,3,1pm4_A
17,3,1pm4_A
15,3,1spp_B
16,3,1spp_B
17,3,1spp_B
15,3,1pm4_A
16,3,1pm4_A
17,3,1pm4_A
15,3,1spp_B
16,3,1spp_B
17,3,1spp_B
15,3,1pm4_A
16,3,1pm4_A
17,3,1pm4_A
15,3,1spp_B
16,3,1spp_B
17,3,1spp_B
15,3,1spp_B
16,3,1spp_B
17,3,1spp_B
15,3,1pm4_A
16,3,1pm4_A
17,3,1pm4_A
15,3,1pm4_A
16,3,1pm4_A
17,3,1pm4_A
15,3,1spp_B
16,3,1spp_B
17,3,1spp_B
15,3,1pm4_A
16,3,1pm4_A
17,3,1pm4_A
15,3,1spp_B
16,3,1spp_B
17,3,1spp_B
15,3,1pm4_A
16,3,1pm4_A
17,3,1pm4_A
15,3,1spp_B
16,3,1spp_B
17,3,1spp_B
15,3,1spp_B
16,3,1spp_B
17,3,1spp_B
15,3,1pm4_A
16,3,1pm4_A
17,3,1pm4_A
15,3,1pm4_A
16,3,1pm4_A
17,3,1pm4_A
15,3,1spp_B
16,3,1spp_B
17,3,1spp_B
15,3,1pm4_A
16,3,1pm4_A
17,3,1pm4_A
15,3,1spp_B
16,3,1spp_B
17,3,1spp_B
15,3,1spp_B
16,3,1spp_B
17,3,1spp_B
15,3,1pm4_A
16,3,1pm4_A
17,3,1pm4_A
15,3,1spp_B
16,3,1spp_B
17,3,1spp_B
15,3,1pm4_A
16,3,1pm4_A
17,3,1pm4_A
15,3,1spp_B
16,3,1spp_B
17,3,1spp_B
15,3,1pm4_A
16,3,1pm4_A
17,3,1pm4_A
15,3,1pm4_A
16,3,1pm4_A
17,3,1pm4_A
15,3,1spp_B
16,3,1spp_B
17,3,1spp_B
15,3,1pm4_A
16,3,1pm4_A
17,3,1pm4_A
15,3,1spp_B
16,3,1spp_B
17,3,1spp_B
15,3,1spp_B
16,3,1spp_B
17,3,1spp_B
15,3,1pm4_A
16,3,1pm4_A
17,3,1pm4_A
15,3,1spp_B
16,3,1spp_B
17,3,1spp_B
15,3,1pm4_A
16,3,1pm4_A
17,3,1pm4_A
15,3,1spp_B
16,3,1spp_B
17,3,1spp_B
15,3,1pm4_A
16,3,1pm4_A
17,3,1pm4_A
15,3,1spp_B
16,3,1spp_B
17,3,1spp_B
15,3,1pm4_A
16,3,1pm4_A
17,3,1pm4_A
15,3,1pm4_A
16,3,1pm4_A
17,3,1pm4_A
15,3,1spp_B
16,3,1spp_B
17,3,1spp_B
15,3,1spp_B
16,3,1spp_B
17,3,1spp_B
15,3,1pm4_A
16,3,1pm4_A
17,3,1pm4_A
15,3,1pm4_A
16,3,1pm4_A
17,3,1pm4_A
15,3,1spp_B
16,3,1spp_B
17,3,1spp_B
15,3,1spp_B
16,3,1spp_B
17,3,1spp_B
15,3,1pm4_A
16,3,1pm4_A
17,3,1pm4_A
15,3,1pm4_A
16,3,1pm4_A
17,3,1pm4_A
15,3,1spp_B
16,3,1spp_B
17,3,1spp_B
15,3,1pm4_A
16,3,1pm4_A
17,3,1pm4_A
15,3,1spp_B
16,3,1spp_B
17,3,1spp_B
15,3,1spp_B
16,3,1spp_B
17,3,1spp_B
15,3,1pm4_A
16,3,1pm4_A
17,3,1pm4_A
15,3,1spp_B
16,3,1spp_B
17,3,1spp_B
15,3,1pm4_A
16,3,1pm4_A
17,3,1pm4_A
15,3,1pm4_A
16,3,1pm4_A
17,3,1pm4_A
15,3,1spp_B
16,3,1spp_B
17,3,1spp_B
15,3,1spp_B
16,3,1spp_B
17,3,1spp_B
15,3,1pm4_A
16,3,1pm4_A
17,3,1pm4_A
15,3,1pm4_A
16,3,1pm4_A
17,3,1pm4_A
15,3,1spp_B
16,3,1spp_B
17,3,1spp_B
15,3,1spp_B
16,3,1spp_B
17,3,1spp_B
15,3,1pm4_A
16,3,1pm4_A
17,3,1pm4_A
15,3,1spp_B
16,3,1spp_B
17,3,1spp_B
15,3,1pm4_A
16,3,1pm4_A
17,3,1pm4_A
15,3,1spp_B
16,3,1spp_B
17,3,1spp_B
15,3,1pm4_A
16,3,1pm4_A
17,3,1pm4_A
15,3,1spp_B
16,3,1spp_B
17,3,1spp_B
15,3,1pm4_A
16,3,1pm4_A
17,3,1pm4_A
15,3,1pm4_A
16,3,1pm4_A
17,3,1pm4_A
15,3,1spp_B
16,3,1spp_B
17,3,1spp_B
15,3,1pm4_A
16,3,1pm4_A
17,3,1pm4_A
15,3,1spp_B
16,3,1spp_B
17,3,1spp_B
15,3,1pm4_A
16,3,1pm4_A
17,3,1pm4_A
15,3,1spp_B
16,3,1spp_B
17,3,1spp_B
15,3,1spp_B
16,3,1spp_B
17,3,1spp_B
15,3,1pm4_A
16,3,1pm4_A
17,3,1pm4_A
15,3,1pm4_A
16,3,1pm4_A
17,3,1pm4_A
15,3,1spp_B
16,3,1spp_B
17,3,1spp_B
15,3,1spp_B
16,3,1spp_B
17,3,1spp_B
15,3,1pm4_A
16,3,1pm4_A
17,3,1pm4_A
15,3,1spp_B
16,3,1spp_B
17,3,1spp_B
15,3,1pm4_A
16,3,1pm4_A
17,3,1pm4_A
15,3,1spp_B
16,3,1spp_B
17,3,1spp_B
15,3,1pm4_A
16,3,1pm4_A
17,3,1pm4_A
15,3,1pm4_A
16,3,1pm4_A
17,3,1pm4_A
15,3,1spp_B
16,3,1spp_B
17,3,1spp_B
15,3,1pm4_A
16,3,1pm4_A
17,3,1pm4_A
15,3,1spp_B
16,3,1spp_B
17,3,1spp_B
15,3,1pm4_A
16,3,1pm4_A
17,3,1pm4_A
15,3,1spp_B
16,3,1spp_B
17,3,1spp_B
15,3,1pm4_A
16,3,1pm4_A
17,3,1pm4_A
15,3,1spp_B
16,3,1spp_B
17,3,1spp_B
15,3,1spp_B
16,3,1spp_B
17,3,1spp_B
15,3,1pm4_A
16,3,1pm4_A
17,3,1pm4_A
15,3,1pm4_A
16,3,1pm4_A
17,3,1pm4_A
15,3,1spp_B
16,3,1spp_B
17,3,1spp_B
15,3,1pm4_A
16,3,1pm4_A
17,3,1pm4_A
15,3,1spp_B
16,3,1spp_B
17,3,1spp_B
15,3,1pm4_A
16,3,1pm4_A
17,3,1pm4_A
15,3,1spp_B
16,3,1spp_B
17,3,1spp_B
15,3,1pm4_A
16,3,1pm4_A
17,3,1pm4_A
15,3,1spp_B
16,3,1spp_B
17,3,1spp_B
15,3,1spp_B
16,3,1spp_B
17,3,1spp_B
15,3,1pm4_A
16,3,1pm4_A
17,3,1pm4_A
15,3,1pm4_A
16,3,1pm4_A
17,3,1pm4_A
15,3,1spp_B
16,3,1spp_B
17,3,1spp_B
15,3,1spp_B
16,3,1spp_B
17,3,1spp_B
15,3,1pm4_A
16,3,1pm4_A
17,3,1pm4_A
15,3,1pm4_A
16,3,1pm4_A
17,3,1pm4_A
15,3,1spp_B
16,3,1spp_B
17,3,1spp_B
15,3,1spp_B
16,3,1spp_B
17,3,1spp_B
15,3,1pm4_A
16,3,1pm4_A
17,3,1pm4_A
15,3,1spp_B
16,3,1spp_B
17,3,1spp_B
15,3,1pm4_A
16,3,1pm4_A
17,3,1pm4_A
15,3,1spp_B
16,3,1spp_B
17,3,1spp_B
15,3,1pm4_A
16,3,1pm4_A
17,3,1pm4_A
15,3,1spp_B
16,3,1spp_B
17,3,1spp_B
15,3,1pm4_A
16,3,1pm4_A
17,3,1pm4_A
15,3,1pm4_A
16,3,1pm4_A
17,3,1pm4_A
15,3,1spp_B
16,3,1spp_B
17,3,1spp_B
15,3,1spp_B
16,3,1spp_B
17,3,1spp_B
15,3,1pm4_A
16,3,1pm4_A
17,3,1pm4_A
15,3,1pm4_A
16,3,1pm4_A
17,3,1pm4_A
15,3,1spp_B
16,3,1spp_B
17,3,1spp_B
15,3,1spp_B
16,3,1spp_B
17,3,1spp_B
15,3,1pm4_A
16,3,1pm4_A
17,3,1pm4_A
15,3,1spp_B
16,3,1spp_B
17,3,1spp_B
15,3,1pm4_A
16,3,1pm4_A
17,3,1pm4_A
15,3,1spp_B
16,3,1spp_B
17,3,1spp_B
15,3,1pm4_A
16,3,1pm4_A
17,3,1pm4_A
15,3,1spp_B
16,3,1spp_B
17,3,1spp_B
15,3,1pm4_A
16,3,1pm4_A
17,3,1pm4_A
15,3,1pm4_A
16,3,1pm4_A
17,3,1pm4_A
15,3,1spp_B
16,3,1spp_B
17,3,1spp_B
15,3,1pm4_A
16,3,1pm4_A
17,3,1pm4_A
15,3,1spp_B
16,3,1spp_B
17,3,1spp_B
15,3,1pm4_A
16,3,1pm4_A
17,3,1pm4_A
15,3,1spp_B
16,3,1spp_B
17,3,1spp_B
15,3,1spp_B
16,3,1spp_B
17,3,1spp_B
15,3,1pm4_A
16,3,1pm4_A
17,3,1pm4_A
15,3,1pm4_A
16,3,1pm4_A
17,3,1pm4_A
15,3,1spp_B
16,3,1spp_B
17,3,1spp_B
15,3,1spp_B
16,3,1spp_B
17,3,1spp_B
15,3,1pm4_A
16,3,1pm4_A
17,3,1pm4_A
15,3,1pm4_A
16,3,1pm4_A
17,3,1pm4_A
15,3,1spp_B
16,3,1spp_B
17,3,1spp_B
15,3,1spp_B
16,3,1spp_B
17,3,1spp_B
15,3,1pm4_A
16,3,1pm4_A
17,3,1pm4_A
15,3,1spp_B
16,3,1spp_B
17,3,1spp_B
15,3,1pm4_A
16,3,1pm4_A
17,3,1pm4_A
15,3,1pm4_A
16,3,1pm4_A
17,3,1pm4_A
15,3,1spp_B
16,3,1spp_B
17,3,1spp_B
15,3,1spp_B
16,3,1spp_B
17,3,1spp_B
15,3,1pm4_A
16,3,1pm4_A
17,3,1pm4_A
15,3,1pm4_A
16,3,1pm4_A
17,3,1pm4_A
15,3,1spp_B
16,3,1spp_B
17,3,1spp_B
15,3,1pm4_A
16,3,1pm4_A
17,3,1pm4_A
15,3,1spp_B
16,3,1spp_B
17,3,1spp_B
15,3,1spp_B
16,3,1spp_B
17,3,1spp_B
15,3,1pm4_A
16,3,1pm4_A
17,3,1pm4_A
15,3,1spp_B
16,3,1spp_B
17,3,1spp_B
15,3,1pm4_A
16,3,1pm4_A
17,3,1pm4_A
15,3,1pm4_A
16,3,1pm4_A
17,3,1pm4_A
15,3,1spp_B
16,3,1spp_B
17,3,1spp_B
15,3,1pm4_A
16,3,1pm4_A
17,3,1pm4_A
15,3,1spp_B
16,3,1spp_B
17,3,1spp_B
15,3,1spp_B
16,3,1spp_B
17,3,1spp_B
15,3,1pm4_A
16,3,1pm4_A
17,3,1pm4_A
15,3,1pm4_A
16,3,1pm4_A
17,3,1pm4_A
15,3,1spp_B
16,3,1spp_B
17,3,1spp_B
15,3,1pm4_A
16,3,1pm4_A
17,3,1pm4_A
15,3,1spp_B
16,3,1spp_B
17,3,1spp_B
15,3,1spp_B
16,3,1spp_B
17,3,1spp_B
15,3,1pm4_A
16,3,1pm4_A
17,3,1pm4_A
15,3,1spp_B
16,3,1spp_B
17,3,1spp_B
15,3,1pm4_A
16,3,1pm4_A
17,3,1pm4_A
15,3,1spp_B
16,3,1spp_B
17,3,1spp_B
15,3,1pm4_A
16,3,1pm4_A
17,3,1pm4_A
15,3,1pm4_A
16,3,1pm4_A
17,3,1pm4_A
15,3,1spp_B
16,3,1spp_B
17,3,1spp_B
15,3,1pm4_A
16,3,1pm4_A
17,3,1pm4_A
15,3,1spp_B
16,3,1spp_B
17,3,1spp_B
15,3,1pm4_A
16,3,1pm4_A
17,3,1pm4_A
15,3,1spp_B
16,3,1spp_B
17,3,1spp_B
15,3,1spp_B
16,3,1spp_B
17,3,1spp_B
15,3,1pm4_A
16,3,1pm4_A
17,3,1pm4_A
15,3,1spp_B
16,3,1spp_B
17,3,1spp_B
15,3,1pm4_A
16,3,1pm4_A
17,3,1pm4_A
15,3,1pm4_A
16,3,1pm4_A
17,3,1pm4_A
15,3,1spp_B
16,3,1spp_B
17,3,1spp_B
15,3,1spp_B
16,3,1spp_B
17,3,1spp_B
15,3,1pm4_A
16,3,1pm4_A
17,3,1pm4_A
15,3,1pm4_A
16,3,1pm4_A
17,3,1pm4_A
15,3,1spp_B
16,3,1spp_B
17,3,1spp_B
15,3,1spp_B
16,3,1spp_B
17,3,1spp_B
15,3,1pm4_A
16,3,1pm4_A
17,3,1pm4_A
15,3,1spp_B
16,3,1spp_B
17,3,1spp_B
15,3,1pm4_A
16,3,1pm4_A
17,3,1pm4_A
15,3,1pm4_A
16,3,1pm4_A
17,3,1pm4_A
15,3,1spp_B
16,3,1spp_B
17,3,1spp_B
16,3,1pm4_A
17,3,1pm4_A
18,3,1pm4_A
16,3,1spp_B
17,3,1spp_B
18,3,1spp_B
16,3,1spp_B
17,3,1spp_B
18,3,1spp_B
16,3,1pm4_A
17,3,1pm4_A
18,3,1pm4_A
16,3,1spp_B
17,3,1spp_B
18,3,1spp_B
16,3,1pm4_A
17,3,1pm4_A
18,3,1pm4_A
16,3,1spp_B
17,3,1spp_B
18,3,1spp_B
16,3,1pm4_A
17,3,1pm4_A
18,3,1pm4_A
16,3,1pm4_A
17,3,1pm4_A
18,3,1pm4_A
16,3,1spp_B
17,3,1spp_B
18,3,1spp_B
16,3,1pm4_A
17,3,1pm4_A
18,3,1pm4_A
16,3,1spp_B
17,3,1spp_B
18,3,1spp_B
16,3,1pm4_A
17,3,1pm4_A
18,3,1pm4_A
16,3,1spp_B
17,3,1spp_B
18,3,1spp_B
16,3,1pm4_A
17,3,1pm4_A
18,3,1pm4_A
16,3,1spp_B
17,3,1spp_B
18,3,1spp_B
16,3,1spp_B
17,3,1spp_B
18,3,1spp_B
16,3,1pm4_A
17,3,1pm4_A
18,3,1pm4_A
16,3,1spp_B
17,3,1spp_B
18,3,1spp_B
16,3,1pm4_A
17,3,1pm4_A
18,3,1pm4_A
16,3,1pm4_A
17,3,1pm4_A
18,3,1pm4_A
16,3,1spp_B
17,3,1spp_B
18,3,1spp_B
16,3,1pm4_A
17,3,1pm4_A
18,3,1pm4_A
16,3,1spp_B
17,3,1spp_B
18,3,1spp_B
16,3,1spp_B
17,3,1spp_B
18,3,1spp_B
16,3,1pm4_A
17,3,1pm4_A
18,3,1pm4_A
16,3,1pm4_A
17,3,1pm4_A
18,3,1pm4_A
16,3,1spp_B
17,3,1spp_B
18,3,1spp_B
16,3,1spp_B
17,3,1spp_B
18,3,1spp_B
16,3,1pm4_A
17,3,1pm4_A
18,3,1pm4_A
16,3,1pm4_A
17,3,1pm4_A
18,3,1pm4_A
16,3,1spp_B
17,3,1spp_B
18,3,1spp_B
16,3,1pm4_A
17,3,1pm4_A
18,3,1pm4_A
16,3,1spp_B
17,3,1spp_B
18,3,1spp_B
16,3,1spp_B
17,3,1spp_B
18,3,1spp_B
16,3,1pm4_A
17,3,1pm4_A
18,3,1pm4_A
16,3,1spp_B
17,3,1spp_B
18,3,1spp_B
16,3,1pm4_A
17,3,1pm4_A
18,3,1pm4_A
16,3,1spp_B
17,3,1spp_B
18,3,1spp_B
16,3,1pm4_A
17,3,1pm4_A
18,3,1pm4_A
16,3,1pm4_A
17,3,1pm4_A
18,3,1pm4_A
16,3,1spp_B
17,3,1spp_B
18,3,1spp_B
16,3,1spp_B
17,3,1spp_B
18,3,1spp_B
16,3,1pm4_A
17,3,1pm4_A
18,3,1pm4_A
16,3,1spp_B
17,3,1spp_B
18,3,1spp_B
16,3,1pm4_A
17,3,1pm4_A
18,3,1pm4_A
16,3,1pm4_A
17,3,1pm4_A
18,3,1pm4_A
16,3,1spp_B
17,3,1spp_B
18,3,1spp_B
16,3,1pm4_A
17,3,1pm4_A
18,3,1pm4_A
16,3,1spp_B
17,3,1spp_B
18,3,1spp_B
16,3,1spp_B
17,3,1spp_B
18,3,1spp_B
16,3,1pm4_A
17,3,1pm4_A
18,3,1pm4_A
16,3,1pm4_A
17,3,1pm4_A
18,3,1pm4_A
16,3,1spp_B
17,3,1spp_B
18,3,1spp_B
16,3,1spp_B
17,3,1spp_B
18,3,1spp_B
16,3,1pm4_A
17,3,1pm4_A
18,3,1pm4_A
16,3,1pm4_A
17,3,1pm4_A
18,3,1pm4_A
16,3,1spp_B
17,3,1spp_B
18,3,1spp_B
16,3,1pm4_A
17,3,1pm4_A
18,3,1pm4_A
16,3,1spp_B
17,3,1spp_B
18,3,1spp_B
16,3,1spp_B
17,3,1spp_B
18,3,1spp_B
16,3,1pm4_A
17,3,1pm4_A
18,3,1pm4_A
16,3,1spp_B
17,3,1spp_B
18,3,1spp_B
16,3,1pm4_A
17,3,1pm4_A
18,3,1pm4_A
16,3,1spp_B
17,3,1spp_B
18,3,1spp_B
16,3,1pm4_A
17,3,1pm4_A
18,3,1pm4_A
16,3,1pm4_A
17,3,1pm4_A
18,3,1pm4_A
16,3,1spp_B
17,3,1spp_B
18,3,1spp_B
16,3,1pm4_A
17,3,1pm4_A
18,3,1pm4_A
16,3,1spp_B
17,3,1spp_B
18,3,1spp_B
16,3,1pm4_A
17,3,1pm4_A
18,3,1pm4_A
16,3,1spp_B
17,3,1spp_B
18,3,1spp_B
16,3,1spp_B
17,3,1spp_B
18,3,1spp_B
16,3,1pm4_A
17,3,1pm4_A
18,3,1pm4_A
16,3,1pm4_A
17,3,1pm4_A
18,3,1pm4_A
16,3,1spp_B
17,3,1spp_B
18,3,1spp_B
16,3,1pm4_A
17,3,1pm4_A
18,3,1pm4_A
16,3,1spp_B
17,3,1spp_B
18,3,1spp_B
16,3,1spp_B
17,3,1spp_B
18,3,1spp_B
16,3,1pm4_A
17,3,1pm4_A
18,3,1pm4_A
16,3,1spp_B
17,3,1spp_B
18,3,1spp_B
16,3,1pm4_A
17,3,1pm4_A
18,3,1pm4_A
16,3,1spp_B
17,3,1spp_B
18,3,1spp_B
16,3,1pm4_A
17,3,1pm4_A
18,3,1pm4_A
16,3,1pm4_A
17,3,1pm4_A
18,3,1pm4_A
16,3,1spp_B
17,3,1spp_B
18,3,1spp_B
16,3,1pm4_A
17,3,1pm4_A
18,3,1pm4_A
16,3,1spp_B
17,3,1spp_B
18,3,1spp_B
16,3,1spp_B
17,3,1spp_B
18,3,1spp_B
16,3,1pm4_A
17,3,1pm4_A
18,3,1pm4_A
16,3,1pm4_A
17,3,1pm4_A
18,3,1pm4_A
16,3,1spp_B
17,3,1spp_B
18,3,1spp_B
16,3,1spp_B
17,3,1spp_B
18,3,1spp_B
16,3,1pm4_A
17,3,1pm4_A
18,3,1pm4_A
16,3,1spp_B
17,3,1spp_B
18,3,1spp_B
16,3,1pm4_A
17,3,1pm4_A
18,3,1pm4_A
16,3,1spp_B
17,3,1spp_B
18,3,1spp_B
16,3,1pm4_A
17,3,1pm4_A
18,3,1pm4_A
16,3,1pm4_A
17,3,1pm4_A
18,3,1pm4_A
16,3,1spp_B
17,3,1spp_B
18,3,1spp_B
16,3,1pm4_A
17,3,1pm4_A
18,3,1pm4_A
16,3,1spp_B
17,3,1spp_B
18,3,1spp_B
16,3,1pm4_A
17,3,1pm4_A
18,3,1pm4_A
16,3,1spp_B
17,3,1spp_B
18,3,1spp_B
16,3,1spp_B
17,3,1spp_B
18,3,1spp_B
16,3,1pm4_A
17,3,1pm4_A
18,3,1pm4_A
16,3,1spp_B
17,3,1spp_B
18,3,1spp_B
16,3,1pm4_A
17,3,1pm4_A
18,3,1pm4_A
16,3,1spp_B
17,3,1spp_B
18,3,1spp_B
16,3,1pm4_A
17,3,1pm4_A
18,3,1pm4_A
16,3,1spp_B
17,3,1spp_B
18,3,1spp_B
16,3,1pm4_A
17,3,1pm4_A
18,3,1pm4_A
16,3,1pm4_A
17,3,1pm4_A
18,3,1pm4_A
16,3,1spp_B
17,3,1spp_B
18,3,1spp_B
16,3,1spp_B
17,3,1spp_B
18,3,1spp_B
16,3,1pm4_A
17,3,1pm4_A
18,3,1pm4_A
16,3,1spp_B
17,3,1spp_B
18,3,1spp_B
16,3,1pm4_A
17,3,1pm4_A
18,3,1pm4_A
16,3,1spp_B
17,3,1spp_B
18,3,1spp_B
16,3,1pm4_A
17,3,1pm4_A
18,3,1pm4_A
16,3,1spp_B
17,3,1spp_B
18,3,1spp_B
16,3,1pm4_A
17,3,1pm4_A
18,3,1pm4_A
16,3,1spp_B
17,3,1spp_B
18,3,1spp_B
16,3,1pm4_A
17,3,1pm4_A
18,3,1pm4_A
16,3,1pm4_A
17,3,1pm4_A
18,3,1pm4_A
16,3,1spp_B
17,3,1spp_B
18,3,1spp_B
16,3,1spp_B
17,3,1spp_B
18,3,1spp_B
16,3,1pm4_A
17,3,1pm4_A
18,3,1pm4_A
16,3,1spp_B
17,3,1spp_B
18,3,1spp_B
16,3,1pm4_A
17,3,1pm4_A
18,3,1pm4_A
16,3,1spp_B
17,3,1spp_B
18,3,1spp_B
16,3,1pm4_A
17,3,1pm4_A
18,3,1pm4_A
16,3,1pm4_A
17,3,1pm4_A
18,3,1pm4_A
16,3,1spp_B
17,3,1spp_B
18,3,1spp_B
16,3,1pm4_A
17,3,1pm4_A
18,3,1pm4_A
16,3,1spp_B
17,3,1spp_B
18,3,1spp_B
16,3,1spp_B
17,3,1spp_B
18,3,1spp_B
16,3,1pm4_A
17,3,1pm4_A
18,3,1pm4_A
16,3,1pm4_A
17,3,1pm4_A
18,3,1pm4_A
16,3,1spp_B
17,3,1spp_B
18,3,1spp_B
16,3,1pm4_A
17,3,1pm4_A
18,3,1pm4_A
16,3,1spp_B
17,3,1spp_B
18,3,1spp_B
16,3,1spp_B
17,3,1spp_B
18,3,1spp_B
16,3,1pm4_A
17,3,1pm4_A
18,3,1pm4_A
16,3,1pm4_A
17,3,1pm4_A
18,3,1pm4_A
16,3,1spp_B
17,3,1spp_B
18,3,1spp_B
16,3,1spp_B
17,3,1spp_B
18,3,1spp_B
16,3,1pm4_A
17,3,1pm4_A
18,3,1pm4_A
16,3,1spp_B
17,3,1spp_B
18,3,1spp_B
16,3,1pm4_A
17,3,1pm4_A
18,3,1pm4_A
16,3,1spp_B
17,3,1spp_B
18,3,1spp_B
16,3,1pm4_A
17,3,1pm4_A
18,3,1pm4_A
16,3,1pm4_A
17,3,1pm4_A
18,3,1pm4_A
16,3,1spp_B
17,3,1spp_B
18,3,1spp_B
16,3,1pm4_A
17,3,1pm4_A
18,3,1pm4_A
16,3,1spp_B
17,3,1spp_B
18,3,1spp_B
16,3,1spp_B
17,3,1spp_B
18,3,1spp_B
16,3,1pm4_A
17,3,1pm4_A
18,3,1pm4_A
16,3,1pm4_A
17,3,1pm4_A
18,3,1pm4_A
16,3,1spp_B
17,3,1spp_B
18,3,1spp_B
16,3,1pm4_A
17,3,1pm4_A
18,3,1pm4_A
16,3,1spp_B
17,3,1spp_B
18,3,1spp_B
16,3,1spp_B
17,3,1spp_B
18,3,1spp_B
16,3,1pm4_A
17,3,1pm4_A
18,3,1pm4_A
16,3,1spp_B
17,3,1spp_B
18,3,1spp_B
16,3,1pm4_A
17,3,1pm4_A
18,3,1pm4_A
16,3,1pm4_A
17,3,1pm4_A
18,3,1pm4_A
16,3,1spp_B
17,3,1spp_B
18,3,1spp_B
16,3,1pm4_A
17,3,1pm4_A
18,3,1pm4_A
16,3,1spp_B
17,3,1spp_B
18,3,1spp_B
16,3,1pm4_A
17,3,1pm4_A
18,3,1pm4_A
16,3,1spp_B
17,3,1spp_B
18,3,1spp_B
16,3,1pm4_A
17,3,1pm4_A
18,3,1pm4_A
16,3,1spp_B
17,3,1spp_B
18,3,1spp_B
16,3,1pm4_A
17,3,1pm4_A
18,3,1pm4_A
16,3,1spp_B
17,3,1spp_B
18,3,1spp_B
16,3,1spp_B
17,3,1spp_B
18,3,1spp_B
16,3,1pm4_A
17,3,1pm4_A
18,3,1pm4_A
16,3,1spp_B
17,3,1spp_B
18,3,1spp_B
16,3,1pm4_A
17,3,1pm4_A
18,3,1pm4_A
16,3,1spp_B
17,3,1spp_B
18,3,1spp_B
16,3,1pm4_A
17,3,1pm4_A
18,3,1pm4_A
16,3,1pm4_A
17,3,1pm4_A
18,3,1pm4_A
16,3,1spp_B
17,3,1spp_B
18,3,1spp_B
16,3,1pm4_A
17,3,1pm4_A
18,3,1pm4_A
16,3,1spp_B
17,3,1spp_B
18,3,1spp_B
16,3,1spp_B
17,3,1spp_B
18,3,1spp_B
16,3,1pm4_A
17,3,1pm4_A
18,3,1pm4_A
16,3,1pm4_A
17,3,1pm4_A
18,3,1pm4_A
16,3,1spp_B
17,3,1spp_B
18,3,1spp_B
16,3,1pm4_A
17,3,1pm4_A
18,3,1pm4_A
16,3,1spp_B
17,3,1spp_B
18,3,1spp_B
16,3,1spp_B
17,3,1spp_B
18,3,1spp_B
16,3,1pm4_A
17,3,1pm4_A
18,3,1pm4_A
16,3,1spp_B
17,3,1spp_B
18,3,1spp_B
16,3,1pm4_A
17,3,1pm4_A
18,3,1pm4_A
16,3,1pm4_A
17,3,1pm4_A
18,3,1pm4_A
16,3,1spp_B
17,3,1spp_B
18,3,1spp_B
16,3,1pm4_A
17,3,1pm4_A
18,3,1pm4_A
16,3,1spp_B
17,3,1spp_B
18,3,1spp_B
17,3,1pm4_A
18,3,1pm4_A
19,3,1pm4_A
17,3,1spp_B
18,3,1spp_B
19,3,1spp_B
17,3,1pm4_A
18,3,1pm4_A
19,3,1pm4_A
17,3,1spp_B
18,3,1spp_B
19,3,1spp_B
17,3,1pm4_A
18,3,1pm4_A
19,3,1pm4_A
17,3,1spp_B
18,3,1spp_B
19,3,1spp_B
17,3,1pm4_A
18,3,1pm4_A
19,3,1pm4_A
17,3,1spp_B
18,3,1spp_B
19,3,1spp_B
17,3,1pm4_A
18,3,1pm4_A
19,3,1pm4_A
17,3,1spp_B
18,3,1spp_B
19,3,1spp_B
17,3,1spp_B
18,3,1spp_B
19,3,1spp_B
17,3,1pm4_A
18,3,1pm4_A
19,3,1pm4_A
17,3,1spp_B
18,3,1spp_B
19,3,1spp_B
17,3,1pm4_A
18,3,1pm4_A
19,3,1pm4_A
17,3,1spp_B
18,3,1spp_B
19,3,1spp_B
17,3,1pm4_A
18,3,1pm4_A
19,3,1pm4_A
17,3,1pm4_A
18,3,1pm4_A
19,3,1pm4_A
17,3,1spp_B
18,3,1spp_B
19,3,1spp_B
17,3,1spp_B
18,3,1spp_B
19,3,1spp_B
17,3,1pm4_A
18,3,1pm4_A
19,3,1pm4_A
17,3,1spp_B
18,3,1spp_B
19,3,1spp_B
17,3,1pm4_A
18,3,1pm4_A
19,3,1pm4_A
17,3,1spp_B
18,3,1spp_B
19,3,1spp_B
17,3,1pm4_A
18,3,1pm4_A
19,3,1pm4_A
17,3,1spp_B
18,3,1spp_B
19,3,1spp_B
17,3,1pm4_A
18,3,1pm4_A
19,3,1pm4_A
17,3,1pm4_A
18,3,1pm4_A
19,3,1pm4_A
17,3,1spp_B
18,3,1spp_B
19,3,1spp_B
17,3,1pm4_A
18,3,1pm4_A
19,3,1pm4_A
17,3,1spp_B
18,3,1spp_B
19,3,1spp_B
17,3,1spp_B
18,3,1spp_B
19,3,1spp_B
17,3,1pm4_A
18,3,1pm4_A
19,3,1pm4_A
17,3,1spp_B
18,3,1spp_B
19,3,1spp_B
17,3,1pm4_A
18,3,1pm4_A
19,3,1pm4_A
17,3,1spp_B
18,3,1spp_B
19,3,1spp_B
17,3,1pm4_A
18,3,1pm4_A
19,3,1pm4_A
17,3,1pm4_A
18,3,1pm4_A
19,3,1pm4_A
17,3,1spp_B
18,3,1spp_B
19,3,1spp_B
17,3,1spp_B
18,3,1spp_B
19,3,1spp_B
17,3,1pm4_A
18,3,1pm4_A
19,3,1pm4_A
17,3,1pm4_A
18,3,1pm4_A
19,3,1pm4_A
17,3,1spp_B
18,3,1spp_B
19,3,1spp_B
17,3,1spp_B
18,3,1spp_B
19,3,1spp_B
17,3,1pm4_A
18,3,1pm4_A
19,3,1pm4_A
17,3,1pm4_A
18,3,1pm4_A
19,3,1pm4_A
17,3,1spp_B
18,3,1spp_B
19,3,1spp_B
17,3,1pm4_A
18,3,1pm4_A
19,3,1pm4_A
17,3,1spp_B
18,3,1spp_B
19,3,1spp_B
17,3,1spp_B
18,3,1spp_B
19,3,1spp_B
17,3,1pm4_A
18,3,1pm4_A
19,3,1pm4_A
17,3,1spp_B
18,3,1spp_B
19,3,1spp_B
17,3,1pm4_A
18,3,1pm4_A
19,3,1pm4_A
17,3,1spp_B
18,3,1spp_B
19,3,1spp_B
17,3,1pm4_A
18,3,1pm4_A
19,3,1pm4_A
17,3,1pm4_A
18,3,1pm4_A
19,3,1pm4_A
17,3,1spp_B
18,3,1spp_B
19,3,1spp_B
17,3,1pm4_A
18,3,1pm4_A
19,3,1pm4_A
17,3,1spp_B
18,3,1spp_B
19,3,1spp_B
17,3,1pm4_A
18,3,1pm4_A
19,3,1pm4_A
17,3,1spp_B
18,3,1spp_B
19,3,1spp_B
17,3,1spp_B
18,3,1spp_B
19,3,1spp_B
17,3,1pm4_A
18,3,1pm4_A
19,3,1pm4_A
17,3,1pm4_A
18,3,1pm4_A
19,3,1pm4_A
17,3,1spp_B
18,3,1spp_B
19,3,1spp_B
17,3,1pm4_A
18,3,1pm4_A
19,3,1pm4_A
17,3,1spp_B
18,3,1spp_B
19,3,1spp_B
17,3,1spp_B
18,3,1spp_B
19,3,1spp_B
17,3,1pm4_A
18,3,1pm4_A
19,3,1pm4_A
17,3,1spp_B
18,3,1spp_B
19,3,1spp_B
17,3,1pm4_A
18,3,1pm4_A
19,3,1pm4_A
17,3,1pm4_A
18,3,1pm4_A
19,3,1pm4_A
17,3,1spp_B
18,3,1spp_B
19,3,1spp_B
17,3,1pm4_A
18,3,1pm4_A
19,3,1pm4_A
17,3,1spp_B
18,3,1spp_B
19,3,1spp_B
17,3,1spp_B
18,3,1spp_B
19,3,1spp_B
17,3,1pm4_A
18,3,1pm4_A
19,3,1pm4_A
17,3,1pm4_A
18,3,1pm4_A
19,3,1pm4_A
17,3,1spp_B
18,3,1spp_B
19,3,1spp_B
17,3,1pm4_A
18,3,1pm4_A
19,3,1pm4_A
17,3,1spp_B
18,3,1spp_B
19,3,1spp_B
17,3,1spp_B
18,3,1spp_B
19,3,1spp_B
17,3,1pm4_A
18,3,1pm4_A
19,3,1pm4_A
17,3,1pm4_A
18,3,1pm4_A
19,3,1pm4_A
17,3,1spp_B
18,3,1spp_B
19,3,1spp_B
17,3,1pm4_A
18,3,1pm4_A
19,3,1pm4_A
17,3,1spp_B
18,3,1spp_B
19,3,1spp_B
17,3,1spp_B
18,3,1spp_B
19,3,1spp_B
17,3,1pm4_A
18,3,1pm4_A
19,3,1pm4_A
17,3,1pm4_A
18,3,1pm4_A
19,3,1pm4_A
17,3,1spp_B
18,3,1spp_B
19,3,1spp_B
17,3,1spp_B
18,3,1spp_B
19,3,1spp_B
17,3,1pm4_A
18,3,1pm4_A
19,3,1pm4_A
17,3,1pm4_A
18,3,1pm4_A
19,3,1pm4_A
17,3,1spp_B
18,3,1spp_B
19,3,1spp_B
17,3,1pm4_A
18,3,1pm4_A
19,3,1pm4_A
17,3,1spp_B
18,3,1spp_B
19,3,1spp_B
17,3,1spp_B
18,3,1spp_B
19,3,1spp_B
17,3,1pm4_A
18,3,1pm4_A
19,3,1pm4_A
17,3,1pm4_A
18,3,1pm4_A
19,3,1pm4_A
17,3,1spp_B
18,3,1spp_B
19,3,1spp_B
17,3,1pm4_A
18,3,1pm4_A
19,3,1pm4_A
17,3,1spp_B
18,3,1spp_B
19,3,1spp_B
17,3,1spp_B
18,3,1spp_B
19,3,1spp_B
17,3,1pm4_A
18,3,1pm4_A
19,3,1pm4_A
17,3,1pm4_A
18,3,1pm4_A
19,3,1pm4_A
17,3,1spp_B
18,3,1spp_B
19,3,1spp_B
17,3,1pm4_A
18,3,1pm4_A
19,3,1pm4_A
17,3,1spp_B
18,3,1spp_B
19,3,1spp_B
17,3,1pm4_A
18,3,1pm4_A
19,3,1pm4_A
17,3,1spp_B
18,3,1spp_B
19,3,1spp_B
17,3,1spp_B
18,3,1spp_B
19,3,1spp_B
17,3,1pm4_A
18,3,1pm4_A
19,3,1pm4_A
17,3,1pm4_A
18,3,1pm4_A
19,3,1pm4_A
17,3,1spp_B
18,3,1spp_B
19,3,1spp_B
17,3,1pm4_A
18,3,1pm4_A
19,3,1pm4_A
17,3,1spp_B
18,3,1spp_B
19,3,1spp_B
17,3,1pm4_A
18,3,1pm4_A
19,3,1pm4_A
17,3,1spp_B
18,3,1spp_B
19,3,1spp_B
17,3,1pm4_A
18,3,1pm4_A
19,3,1pm4_A
17,3,1spp_B
18,3,1spp_B
19,3,1spp_B
17,3,1pm4_A
18,3,1pm4_A
19,3,1pm4_A
17,3,1spp_B
18,3,1spp_B
19,3,1spp_B
17,3,1pm4_A
18,3,1pm4_A
19,3,1pm4_A
17,3,1spp_B
18,3,1spp_B
19,3,1spp_B
17,3,1pm4_A
18,3,1pm4_A
19,3,1pm4_A
17,3,1spp_B
18,3,1spp_B
19,3,1spp_B
17,3,1spp_B
18,3,1spp_B
19,3,1spp_B
17,3,1pm4_A
18,3,1pm4_A
19,3,1pm4_A
17,3,1pm4_A
18,3,1pm4_A
19,3,1pm4_A
17,3,1spp_B
18,3,1spp_B
19,3,1spp_B
17,3,1spp_B
18,3,1spp_B
19,3,1spp_B
17,3,1pm4_A
18,3,1pm4_A
19,3,1pm4_A
17,3,1spp_B
18,3,1spp_B
19,3,1spp_B
17,3,1pm4_A
18,3,1pm4_A
19,3,1pm4_A
17,3,1pm4_A
18,3,1pm4_A
19,3,1pm4_A
17,3,1spp_B
18,3,1spp_B
19,3,1spp_B
17,3,1spp_B
18,3,1spp_B
19,3,1spp_B
17,3,1pm4_A
18,3,1pm4_A
19,3,1pm4_A
17,3,1pm4_A
18,3,1pm4_A
19,3,1pm4_A
17,3,1spp_B
18,3,1spp_B
19,3,1spp_B
17,3,1pm4_A
18,3,1pm4_A
19,3,1pm4_A
17,3,1spp_B
18,3,1spp_B
19,3,1spp_B
17,3,1spp_B
18,3,1spp_B
19,3,1spp_B
17,3,1pm4_A
18,3,1pm4_A
19,3,1pm4_A
17,3,1spp_B
18,3,1spp_B
19,3,1spp_B
17,3,1pm4_A
18,3,1pm4_A
19,3,1pm4_A
17,3,1pm4_A
18,3,1pm4_A
19,3,1pm4_A
17,3,1spp_B
18,3,1spp_B
19,3,1spp_B
17,3,1spp_B
18,3,1spp_B
19,3,1spp_B
17,3,1pm4_A
18,3,1pm4_A
19,3,1pm4_A
17,3,1spp_B
18,3,1spp_B
19,3,1spp_B
17,3,1pm4_A
18,3,1pm4_A
19,3,1pm4_A
17,3,1spp_B
18,3,1spp_B
19,3,1spp_B
17,3,1pm4_A
18,3,1pm4_A
19,3,1pm4_A
17,3,1pm4_A
18,3,1pm4_A
19,3,1pm4_A
17,3,1spp_B
18,3,1spp_B
19,3,1spp_B
17,3,1pm4_A
18,3,1pm4_A
19,3,1pm4_A
17,3,1spp_B
18,3,1spp_B
19,3,1spp_B
17,3,1pm4_A
18,3,1pm4_A
19,3,1pm4_A
17,3,1spp_B
18,3,1spp_B
19,3,1spp_B
17,3,1spp_B
18,3,1spp_B
19,3,1spp_B
17,3,1pm4_A
18,3,1pm4_A
19,3,1pm4_A
17,3,1spp_B
18,3,1spp_B
19,3,1spp_B
17,3,1pm4_A
18,3,1pm4_A
19,3,1pm4_A
17,3,1spp_B
18,3,1spp_B
19,3,1spp_B
17,3,1pm4_A
18,3,1pm4_A
19,3,1pm4_A
17,3,1spp_B
18,3,1spp_B
19,3,1spp_B
17,3,1pm4_A
18,3,1pm4_A
19,3,1pm4_A
17,3,1pm4_A
18,3,1pm4_A
19,3,1pm4_A
17,3,1spp_B
18,3,1spp_B
19,3,1spp_B
17,3,1pm4_A
18,3,1pm4_A
19,3,1pm4_A
17,3,1spp_B
18,3,1spp_B
19,3,1spp_B
17,3,1pm4_A
18,3,1pm4_A
19,3,1pm4_A
17,3,1spp_B
18,3,1spp_B
19,3,1spp_B
17,3,1pm4_A
18,3,1pm4_A
19,3,1pm4_A
17,3,1spp_B
18,3,1spp_B
19,3,1spp_B
17,3,1pm4_A
18,3,1pm4_A
19,3,1pm4_A
17,3,1spp_B
18,3,1spp_B
19,3,1spp_B
17,3,1pm4_A
18,3,1pm4_A
19,3,1pm4_A
17,3,1spp_B
18,3,1spp_B
19,3,1spp_B
17,3,1pm4_A
18,3,1pm4_A
19,3,1pm4_A
17,3,1spp_B
18,3,1spp_B
19,3,1spp_B
17,3,1pm4_A
18,3,1pm4_A
19,3,1pm4_A
17,3,1spp_B
18,3,1spp_B
19,3,1spp_B
17,3,1spp_B
18,3,1spp_B
19,3,1spp_B
17,3,1pm4_A
18,3,1pm4_A
19,3,1pm4_A
17,3,1spp_B
18,3,1spp_B
19,3,1spp_B
17,3,1pm4_A
18,3,1pm4_A
19,3,1pm4_A
17,3,1pm4_A
18,3,1pm4_A
19,3,1pm4_A
17,3,1spp_B
18,3,1spp_B
19,3,1spp_B
17,3,1pm4_A
18,3,1pm4_A
19,3,1pm4_A
17,3,1spp_B
18,3,1spp_B
19,3,1spp_B
17,3,1spp_B
18,3,1spp_B
19,3,1spp_B
17,3,1pm4_A
18,3,1pm4_A
19,3,1pm4_A
17,3,1spp_B
18,3,1spp_B
19,3,1spp_B
17,3,1pm4_A
18,3,1pm4_A
19,3,1pm4_A
17,3,1spp_B
18,3,1spp_B
19,3,1spp_B
17,3,1pm4_A
18,3,1pm4_A
19,3,1pm4_A
17,3,1spp_B
18,3,1spp_B
19,3,1spp_B
17,3,1pm4_A
18,3,1pm4_A
19,3,1pm4_A
18,3,1pm4_A
19,3,1pm4_A
20,3,1pm4_A
18,3,1spp_B
19,3,1spp_B
20,3,1spp_B
18,3,1pm4_A
19,3,1pm4_A
20,3,1pm4_A
18,3,1spp_B
19,3,1spp_B
20,3,1spp_B
18,3,1spp_B
19,3,1spp_B
20,3,1spp_B
18,3,1pm4_A
19,3,1pm4_A
20,3,1pm4_A
18,3,1spp_B
19,3,1spp_B
20,3,1spp_B
18,3,1pm4_A
19,3,1pm4_A
20,3,1pm4_A
18,3,1spp_B
19,3,1spp_B
20,3,1spp_B
18,3,1pm4_A
19,3,1pm4_A
20,3,1pm4_A
18,3,1spp_B
19,3,1spp_B
20,3,1spp_B
18,3,1pm4_A
19,3,1pm4_A
20,3,1pm4_A
18,3,1pm4_A
19,3,1pm4_A
20,3,1pm4_A
18,3,1spp_B
19,3,1spp_B
20,3,1spp_B
18,3,1pm4_A
19,3,1pm4_A
20,3,1pm4_A
18,3,1spp_B
19,3,1spp_B
20,3,1spp_B
18,3,1spp_B
19,3,1spp_B
20,3,1spp_B
18,3,1pm4_A
19,3,1pm4_A
20,3,1pm4_A
18,3,1pm4_A
19,3,1pm4_A
20,3,1pm4_A
18,3,1spp_B
19,3,1spp_B
20,3,1spp_B
18,3,1spp_B
19,3,1spp_B
20,3,1spp_B
18,3,1pm4_A
19,3,1pm4_A
20,3,1pm4_A
18,3,1spp_B
19,3,1spp_B
20,3,1spp_B
18,3,1pm4_A
19,3,1pm4_A
20,3,1pm4_A
18,3,1pm4_A
19,3,1pm4_A
20,3,1pm4_A
18,3,1spp_B
19,3,1spp_B
20,3,1spp_B
18,3,1pm4_A
19,3,1pm4_A
20,3,1pm4_A
18,3,1spp_B
19,3,1spp_B
20,3,1spp_B
18,3,1spp_B
19,3,1spp_B
20,3,1spp_B
18,3,1pm4_A
19,3,1pm4_A
20,3,1pm4_A
18,3,1pm4_A
19,3,1pm4_A
20,3,1pm4_A
18,3,1spp_B
19,3,1spp_B
20,3,1spp_B
18,3,1pm4_A
19,3,1pm4_A
20,3,1pm4_A
18,3,1spp_B
19,3,1spp_B
20,3,1spp_B
18,3,1spp_B
19,3,1spp_B
20,3,1spp_B
18,3,1pm4_A
19,3,1pm4_A
20,3,1pm4_A
18,3,1spp_B
19,3,1spp_B
20,3,1spp_B
18,3,1pm4_A
19,3,1pm4_A
20,3,1pm4_A
18,3,1spp_B
19,3,1spp_B
20,3,1spp_B
18,3,1pm4_A
19,3,1pm4_A
20,3,1pm4_A
18,3,1spp_B
19,3,1spp_B
20,3,1spp_B
18,3,1pm4_A
19,3,1pm4_A
20,3,1pm4_A
18,3,1pm4_A
19,3,1pm4_A
20,3,1pm4_A
18,3,1spp_B
19,3,1spp_B
20,3,1spp_B
18,3,1spp_B
19,3,1spp_B
20,3,1spp_B
18,3,1pm4_A
19,3,1pm4_A
20,3,1pm4_A
18,3,1spp_B
19,3,1spp_B
20,3,1spp_B
18,3,1pm4_A
19,3,1pm4_A
20,3,1pm4_A
18,3,1pm4_A
19,3,1pm4_A
20,3,1pm4_A
18,3,1spp_B
19,3,1spp_B
20,3,1spp_B
18,3,1pm4_A
19,3,1pm4_A
20,3,1pm4_A
18,3,1spp_B
19,3,1spp_B
20,3,1spp_B
18,3,1pm4_A
19,3,1pm4_A
20,3,1pm4_A
18,3,1spp_B
19,3,1spp_B
20,3,1spp_B
18,3,1spp_B
19,3,1spp_B
20,3,1spp_B
18,3,1pm4_A
19,3,1pm4_A
20,3,1pm4_A
18,3,1pm4_A
19,3,1pm4_A
20,3,1pm4_A
18,3,1spp_B
19,3,1spp_B
20,3,1spp_B
18,3,1spp_B
19,3,1spp_B
20,3,1spp_B
18,3,1pm4_A
19,3,1pm4_A
20,3,1pm4_A
18,3,1spp_B
19,3,1spp_B
20,3,1spp_B
18,3,1pm4_A
19,3,1pm4_A
20,3,1pm4_A
18,3,1spp_B
19,3,1spp_B
20,3,1spp_B
18,3,1pm4_A
19,3,1pm4_A
20,3,1pm4_A
18,3,1spp_B
19,3,1spp_B
20,3,1spp_B
18,3,1pm4_A
19,3,1pm4_A
20,3,1pm4_A
18,3,1spp_B
19,3,1spp_B
20,3,1spp_B
18,3,1pm4_A
19,3,1pm4_A
20,3,1pm4_A
18,3,1spp_B
19,3,1spp_B
20,3,1spp_B
18,3,1pm4_A
19,3,1pm4_A
20,3,1pm4_A
18,3,1spp_B
19,3,1spp_B
20,3,1spp_B
18,3,1pm4_A
19,3,1pm4_A
20,3,1pm4_A
18,3,1spp_B
19,3,1spp_B
20,3,1spp_B
18,3,1pm4_A
19,3,1pm4_A
20,3,1pm4_A
18,3,1pm4_A
19,3,1pm4_A
20,3,1pm4_A
18,3,1spp_B
19,3,1spp_B
20,3,1spp_B
18,3,1pm4_A
19,3,1pm4_A
20,3,1pm4_A
18,3,1spp_B
19,3,1spp_B
20,3,1spp_B
18,3,1pm4_A
19,3,1pm4_A
20,3,1pm4_A
18,3,1spp_B
19,3,1spp_B
20,3,1spp_B
18,3,1pm4_A
19,3,1pm4_A
20,3,1pm4_A
18,3,1spp_B
19,3,1spp_B
20,3,1spp_B
18,3,1spp_B
19,3,1spp_B
20,3,1spp_B
18,3,1pm4_A
19,3,1pm4_A
20,3,1pm4_A
18,3,1pm4_A
19,3,1pm4_A
20,3,1pm4_A
18,3,1spp_B
19,3,1spp_B
20,3,1spp_B
18,3,1pm4_A
19,3,1pm4_A
20,3,1pm4_A
18,3,1spp_B
19,3,1spp_B
20,3,1spp_B
18,3,1spp_B
19,3,1spp_B
20,3,1spp_B
18,3,1pm4_A
19,3,1pm4_A
20,3,1pm4_A
18,3,1spp_B
19,3,1spp_B
20,3,1spp_B
18,3,1pm4_A
19,3,1pm4_A
20,3,1pm4_A
18,3,1pm4_A
19,3,1pm4_A
20,3,1pm4_A
18,3,1spp_B
19,3,1spp_B
20,3,1spp_B
18,3,1spp_B
19,3,1spp_B
20,3,1spp_B
18,3,1pm4_A
19,3,1pm4_A
20,3,1pm4_A
18,3,1spp_B
19,3,1spp_B
20,3,1spp_B
18,3,1pm4_A
19,3,1pm4_A
20,3,1pm4_A
18,3,1pm4_A
19,3,1pm4_A
20,3,1pm4_A
18,3,1spp_B
19,3,1spp_B
20,3,1spp_B
18,3,1pm4_A
19,3,1pm4_A
20,3,1pm4_A
18,3,1spp_B
19,3,1spp_B
20,3,1spp_B
18,3,1pm4_A
19,3,1pm4_A
20,3,1pm4_A
18,3,1spp_B
19,3,1spp_B
20,3,1spp_B
18,3,1pm4_A
19,3,1pm4_A
20,3,1pm4_A
18,3,1spp_B
19,3,1spp_B
20,3,1spp_B
18,3,1spp_B
19,3,1spp_B
20,3,1spp_B
18,3,1pm4_A
19,3,1pm4_A
20,3,1pm4_A
18,3,1spp_B
19,3,1spp_B
20,3,1spp_B
18,3,1pm4_A
19,3,1pm4_A
20,3,1pm4_A
18,3,1pm4_A
19,3,1pm4_A
20,3,1pm4_A
18,3,1spp_B
19,3,1spp_B
20,3,1spp_B
18,3,1spp_B
19,3,1spp_B
20,3,1spp_B
18,3,1pm4_A
19,3,1pm4_A
20,3,1pm4_A
18,3,1spp_B
19,3,1spp_B
20,3,1spp_B
18,3,1pm4_A
19,3,1pm4_A
20,3,1pm4_A
18,3,1pm4_A
19,3,1pm4_A
20,3,1pm4_A
18,3,1spp_B
19,3,1spp_B
20,3,1spp_B
18,3,1pm4_A
19,3,1pm4_A
20,3,1pm4_A
18,3,1spp_B
19,3,1spp_B
20,3,1spp_B
18,3,1pm4_A
19,3,1pm4_A
20,3,1pm4_A
18,3,1spp_B
19,3,1spp_B
20,3,1spp_B
18,3,1spp_B
19,3,1spp_B
20,3,1spp_B
18,3,1pm4_A
19,3,1pm4_A
20,3,1pm4_A
18,3,1spp_B
19,3,1spp_B
20,3,1spp_B
18,3,1pm4_A
19,3,1pm4_A
20,3,1pm4_A
18,3,1spp_B
19,3,1spp_B
20,3,1spp_B
18,3,1pm4_A
19,3,1pm4_A
20,3,1pm4_A
18,3,1spp_B
19,3,1spp_B
20,3,1spp_B
18,3,1pm4_A
19,3,1pm4_A
20,3,1pm4_A
18,3,1spp_B
19,3,1spp_B
20,3,1spp_B
18,3,1pm4_A
19,3,1pm4_A
20,3,1pm4_A
18,3,1spp_B
19,3,1spp_B
20,3,1spp_B
18,3,1pm4_A
19,3,1pm4_A
20,3,1pm4_A
18,3,1spp_B
19,3,1spp_B
20,3,1spp_B
18,3,1pm4_A
19,3,1pm4_A
20,3,1pm4_A
18,3,1spp_B
19,3,1spp_B
20,3,1spp_B
18,3,1pm4_A
19,3,1pm4_A
20,3,1pm4_A
18,3,1spp_B
19,3,1spp_B
20,3,1spp_B
18,3,1pm4_A
19,3,1pm4_A
20,3,1pm4_A
18,3,1pm4_A
19,3,1pm4_A
20,3,1pm4_A
18,3,1spp_B
19,3,1spp_B
20,3,1spp_B
18,3,1spp_B
19,3,1spp_B
20,3,1spp_B
18,3,1pm4_A
19,3,1pm4_A
20,3,1pm4_A
18,3,1pm4_A
19,3,1pm4_A
20,3,1pm4_A
18,3,1spp_B
19,3,1spp_B
20,3,1spp_B
18,3,1spp_B
19,3,1spp_B
20,3,1spp_B
18,3,1pm4_A
19,3,1pm4_A
20,3,1pm4_A
18,3,1spp_B
19,3,1spp_B
20,3,1spp_B
18,3,1pm4_A
19,3,1pm4_A
20,3,1pm4_A
18,3,1pm4_A
19,3,1pm4_A
20,3,1pm4_A
18,3,1spp_B
19,3,1spp_B
20,3,1spp_B
18,3,1pm4_A
19,3,1pm4_A
20,3,1pm4_A
18,3,1spp_B
19,3,1spp_B
20,3,1spp_B
18,3,1spp_B
19,3,1spp_B
20,3,1spp_B
18,3,1pm4_A
19,3,1pm4_A
20,3,1pm4_A
18,3,1spp_B
19,3,1spp_B
20,3,1spp_B
18,3,1pm4_A
19,3,1pm4_A
20,3,1pm4_A
18,3,1spp_B
19,3,1spp_B
20,3,1spp_B
18,3,1pm4_A
19,3,1pm4_A
20,3,1pm4_A
18,3,1pm4_A
19,3,1pm4_A
20,3,1pm4_A
18,3,1spp_B
19,3,1spp_B
20,3,1spp_B
18,3,1pm4_A
19,3,1pm4_A
20,3,1pm4_A
18,3,1spp_B
19,3,1spp_B
20,3,1spp_B
18,3,1spp_B
19,3,1spp_B
20,3,1spp_B
18,3,1pm4_A
19,3,1pm4_A
20,3,1pm4_A
18,3,1spp_B
19,3,1spp_B
20,3,1spp_B
18,3,1pm4_A
19,3,1pm4_A
20,3,1pm4_A
18,3,1spp_B
19,3,1spp_B
20,3,1spp_B
18,3,1pm4_A
19,3,1pm4_A
20,3,1pm4_A
18,3,1pm4_A
19,3,1pm4_A
20,3,1pm4_A
18,3,1spp_B
19,3,1spp_B
20,3,1spp_B
18,3,1pm4_A
19,3,1pm4_A
20,3,1pm4_A
18,3,1spp_B
19,3,1spp_B
20,3,1spp_B
18,3,1pm4_A
19,3,1pm4_A
20,3,1pm4_A
18,3,1spp_B
19,3,1spp_B
20,3,1spp_B
18,3,1spp_B
19,3,1spp_B
20,3,1spp_B
18,3,1pm4_A
19,3,1pm4_A
20,3,1pm4_A
18,3,1pm4_A
19,3,1pm4_A
20,3,1pm4_A
18,3,1spp_B
19,3,1spp_B
20,3,1spp_B
18,3,1spp_B
19,3,1spp_B
20,3,1spp_B
18,3,1pm4_A
19,3,1pm4_A
20,3,1pm4_A
18,3,1pm4_A
19,3,1pm4_A
20,3,1pm4_A
18,3,1spp_B
19,3,1spp_B
20,3,1spp_B
18,3,1pm4_A
19,3,1pm4_A
20,3,1pm4_A
18,3,1spp_B
19,3,1spp_B
20,3,1spp_B
18,3,1pm4_A
19,3,1pm4_A
20,3,1pm4_A
18,3,1spp_B
19,3,1spp_B
20,3,1spp_B
18,3,1pm4_A
19,3,1pm4_A
20,3,1pm4_A
18,3,1spp_B
19,3,1spp_B
20,3,1spp_B
18,3,1pm4_A
19,3,1pm4_A
20,3,1pm4_A
18,3,1spp_B
19,3,1spp_B
20,3,1spp_B
18,3,1pm4_A
19,3,1pm4_A
20,3,1pm4_A
18,3,1spp_B
19,3,1spp_B
20,3,1spp_B
18,3,1spp_B
19,3,1spp_B
20,3,1spp_B
18,3,1pm4_A
19,3,1pm4_A
20,3,1pm4_A
18,3,1pm4_A
19,3,1pm4_A
20,3,1pm4_A
18,3,1spp_B
19,3,1spp_B
20,3,1spp_B
18,3,1spp_B
19,3,1spp_B
20,3,1spp_B
18,3,1pm4_A
19,3,1pm4_A
20,3,1pm4_A
