rmsd,pdb,chain,match,abego,3mers,9mers,loop,loop_length,length_count
1.6675,2fhz,A,"[(63, 70), (76, 92)]",ABBBBBBBABAAAAAAAAAAAAAAAAAAAA,/work/lpdi/databases/frags/fh/2fhz_A.200.3mers.gz,/work/lpdi/databases/frags/fh/2fhz_A.200.9mers.gz,ABAAA,5,5
1.6909999999999998,2fhz,A,"[(64, 71), (76, 92)]",BBBBBBBABAAAAAAAAAAAAAAAAAAAA,/work/lpdi/databases/frags/fh/2fhz_A.200.3mers.gz,/work/lpdi/databases/frags/fh/2fhz_A.200.9mers.gz,BAAA,4,4
1.8969999999999998,2fhz,A,"[(62, 69), (76, 92)]",AABBBBBBBABAAAAAAAAAAAAAAAAAAAA,/work/lpdi/databases/frags/fh/2fhz_A.200.3mers.gz,/work/lpdi/databases/frags/fh/2fhz_A.200.9mers.gz,BABAAA,6,3
1.8049,1r5p,A,"[(1, 8), (14, 30)]",BBBBBBBBEBBAAAAAAAAAAAAAAAAAAG,/work/lpdi/databases/frags/r5/1r5p_A.200.3mers.gz,/work/lpdi/databases/frags/r5/1r5p_A.200.9mers.gz,EBBAA,5,5
1.8223,1r5p,A,"[(0, 7), (14, 30)]",EBBBBBBBBEBBAAAAAAAAAAAAAAAAAAG,/work/lpdi/databases/frags/r5/1r5p_A.200.3mers.gz,/work/lpdi/databases/frags/r5/1r5p_A.200.9mers.gz,BEBBAA,6,3
2.1106,1r5p,A,"[(2, 9), (14, 30)]",BBBBBBBEBBAAAAAAAAAAAAAAAAAAG,/work/lpdi/databases/frags/r5/1r5p_A.200.3mers.gz,/work/lpdi/databases/frags/r5/1r5p_A.200.9mers.gz,BBAA,4,4
1.881,1vm0,A,"[(1, 8), (12, 28)]",AABBBBABAABBAAAAAAAAAAAAAAAG,/work/lpdi/databases/frags/vm/1vm0_A.200.3mers.gz,/work/lpdi/databases/frags/vm/1vm0_A.200.9mers.gz,AAB,3,2
2.3177,1vm0,A,"[(2, 9), (12, 28)]",ABBBBABAABBAAAAAAAAAAAAAAAG,/work/lpdi/databases/frags/vm/1vm0_A.200.3mers.gz,/work/lpdi/databases/frags/vm/1vm0_A.200.9mers.gz,AB,2,2
1.9077,1l1s,A,"[(2, 9), (14, 30)]",BBBBBBABABAAAAAAAAAAAAAAAAABA,/work/lpdi/databases/frags/l1/1l1s_A.200.3mers.gz,/work/lpdi/databases/frags/l1/1l1s_A.200.9mers.gz,ABAA,4,4
1.9383,1l1s,A,"[(1, 8), (14, 30)]",BBBBBBBABABAAAAAAAAAAAAAAAAABA,/work/lpdi/databases/frags/l1/1l1s_A.200.3mers.gz,/work/lpdi/databases/frags/l1/1l1s_A.200.9mers.gz,BABAA,5,5
1.9446,1vc1,A,"[(45, 52), (60, 76)]",BBBBBAAABABBBAAAAAAAAAAAAAAAAAGB,/work/lpdi/databases/frags/vc/1vc1_A.200.3mers.gz,/work/lpdi/databases/frags/vc/1vc1_A.200.9mers.gz,BABBBAA,7,2
2.0523,1vc1,A,"[(45, 52), (56, 72)]",BBBBBAAABABBBAAAAAAAAAAAAAAA,/work/lpdi/databases/frags/vc/1vc1_A.200.3mers.gz,/work/lpdi/databases/frags/vc/1vc1_A.200.9mers.gz,BAB,3,2
2.0954,1vc1,A,"[(14, 21), (26, 42)]",BBBBBBEBBBAAAAAAAAAAAAAAAAABA,/work/lpdi/databases/frags/vc/1vc1_A.200.3mers.gz,/work/lpdi/databases/frags/vc/1vc1_A.200.9mers.gz,BBAA,4,4
2.1396,1vc1,A,"[(44, 51), (60, 76)]",ABBBBBAAABABBBAAAAAAAAAAAAAAAAAGB,/work/lpdi/databases/frags/vc/1vc1_A.200.3mers.gz,/work/lpdi/databases/frags/vc/1vc1_A.200.9mers.gz,ABABBBAA,8,1
2.1579,1vc1,A,"[(13, 20), (26, 42)]",BBBBBBBEBBBAAAAAAAAAAAAAAAAABA,/work/lpdi/databases/frags/vc/1vc1_A.200.3mers.gz,/work/lpdi/databases/frags/vc/1vc1_A.200.9mers.gz,BBBAA,5,5
2.335,1vc1,A,"[(46, 53), (56, 72)]",BBBBAAABABBBAAAAAAAAAAAAAAA,/work/lpdi/databases/frags/vc/1vc1_A.200.3mers.gz,/work/lpdi/databases/frags/vc/1vc1_A.200.9mers.gz,AB,2,2
1.9731,4has,A,"[(55, 62), (69, 85)]",BBBBBBBABBBBAAAAAAAAAAAAAAAAAAA,/work/lpdi/databases/frags/ha/4has_A.200.3mers.gz,/work/lpdi/databases/frags/ha/4has_A.200.9mers.gz,BBBBAA,6,3
2.0764,4has,A,"[(56, 63), (65, 81)]",BBBBBBABBBBAAAAAAAAAAAAAAA,/work/lpdi/databases/frags/ha/4has_A.200.3mers.gz,/work/lpdi/databases/frags/ha/4has_A.200.9mers.gz,B,1,1
2.1428,4has,A,"[(54, 61), (69, 85)]",BBBBBBBBABBBBAAAAAAAAAAAAAAAAAAA,/work/lpdi/databases/frags/ha/4has_A.200.3mers.gz,/work/lpdi/databases/frags/ha/4has_A.200.9mers.gz,ABBBBAA,7,2
2.3185,4has,A,"[(56, 63), (69, 85)]",BBBBBBABBBBAAAAAAAAAAAAAAAAAAA,/work/lpdi/databases/frags/ha/4has_A.200.3mers.gz,/work/lpdi/databases/frags/ha/4has_A.200.9mers.gz,BBBAA,5,5
