description,MolProbityScore,Mol_pct_rank,clashscore,pct_rank,cbeta>0.25,ramaOutlier,ramaAllowed,ramaFavored
srch3SD202_natlik_betasandwich70120_l885_corrections4XYZZ_mid_lmaster_2_des_srch3SD202_natlik_betasandwich70120_l885_corrections4XYZZ_mid_lmaster_2_funfol_template_sketch_0001_0005.pdb,1.068,100,0.87,99,0,2,1,66
srch3SD202_natlik_betasandwich70120_l885_corrections4XYZZ_mid_lmaster_2_des_srch3SD202_natlik_betasandwich70120_l885_corrections4XYZZ_mid_lmaster_2_funfol_template_sketch_0001_0010.pdb,1.435,96,3.43,97,0,2,1,66
srch3SD202_natlik_betasandwich70120_l885_corrections4XYZZ_mid_lmaster_2_des_srch3SD202_natlik_betasandwich70120_l885_corrections4XYZZ_mid_lmaster_2_funfol_template_sketch_0001_0006.pdb,1.2309999999999999,99,1.74,99,0,0,3,66
srch3SD202_natlik_betasandwich70120_l885_corrections4XYZZ_mid_lmaster_2_des_srch3SD202_natlik_betasandwich70120_l885_corrections4XYZZ_mid_lmaster_2_funfol_template_sketch_0001_0004.pdb,1.53,94,3.48,97,0,1,3,65
srch3SD202_natlik_betasandwich70120_l885_corrections4XYZZ_mid_lmaster_2_des_srch3SD202_natlik_betasandwich70120_l885_corrections4XYZZ_mid_lmaster_2_funfol_template_sketch_0001_0002.pdb,1.38,97,1.7,99,0,1,4,64
srch3SD202_natlik_betasandwich70120_l885_corrections4XYZZ_mid_lmaster_2_des_srch3SD202_natlik_betasandwich70120_l885_corrections4XYZZ_mid_lmaster_2_funfol_template_sketch_0001_0008.pdb,0.66,100,0.0,100,0,1,1,67
srch3SD202_natlik_betasandwich70120_l885_corrections4XYZZ_mid_lmaster_2_des_srch3SD202_natlik_betasandwich70120_l885_corrections4XYZZ_mid_lmaster_2_funfol_template_sketch_0001_0009.pdb,1.0659999999999998,100,0.86,99,0,1,2,66
srch3SD202_natlik_betasandwich70120_l885_corrections4XYZZ_mid_lmaster_2_des_srch3SD202_natlik_betasandwich70120_l885_corrections4XYZZ_mid_lmaster_2_funfol_template_sketch_0001_0003.pdb,1.319,98,1.73,99,0,2,2,65
srch3SD202_natlik_betasandwich70120_l885_corrections4XYZZ_mid_lmaster_2_des_srch3SD202_natlik_betasandwich70120_l885_corrections4XYZZ_mid_lmaster_2_funfol_template_sketch_0001_0001.pdb,0.802,100,0.0,100,0,1,2,66
srch3SD202_natlik_betasandwich70120_l885_corrections4XYZZ_mid_lmaster_2_des_srch3SD202_natlik_betasandwich70120_l885_corrections4XYZZ_mid_lmaster_2_funfol_template_sketch_0001_0007.pdb,1.151,99,0.84,99,0,1,3,65
srch3SD202_natlik_betasandwich70120_l885_corrections4XYZZ_mid_lmaster_3_des_srch3SD202_natlik_betasandwich70120_l885_corrections4XYZZ_mid_lmaster_3_funfol_template_sketch_0001_0001.pdb,0.929,100,1.74,99,0,0,1,68
srch3SD202_natlik_betasandwich70120_l885_corrections4XYZZ_mid_lmaster_3_des_srch3SD202_natlik_betasandwich70120_l885_corrections4XYZZ_mid_lmaster_3_funfol_template_sketch_0001_0005.pdb,0.5,100,0.0,100,0,0,1,68
srch3SD202_natlik_betasandwich70120_l885_corrections4XYZZ_mid_lmaster_3_des_srch3SD202_natlik_betasandwich70120_l885_corrections4XYZZ_mid_lmaster_3_funfol_template_sketch_0001_0008.pdb,1.035,100,2.51,98,0,0,0,69
srch3SD202_natlik_betasandwich70120_l885_corrections4XYZZ_mid_lmaster_3_des_srch3SD202_natlik_betasandwich70120_l885_corrections4XYZZ_mid_lmaster_3_funfol_template_sketch_0001_0006.pdb,0.7659999999999999,100,0.87,99,0,0,0,69
srch3SD202_natlik_betasandwich70120_l885_corrections4XYZZ_mid_lmaster_3_des_srch3SD202_natlik_betasandwich70120_l885_corrections4XYZZ_mid_lmaster_3_funfol_template_sketch_0001_0010.pdb,0.5,100,0.0,100,0,0,0,69
srch3SD202_natlik_betasandwich70120_l885_corrections4XYZZ_mid_lmaster_3_des_srch3SD202_natlik_betasandwich70120_l885_corrections4XYZZ_mid_lmaster_3_funfol_template_sketch_0001_0009.pdb,0.762,100,0.85,99,0,0,0,69
srch3SD202_natlik_betasandwich70120_l885_corrections4XYZZ_mid_lmaster_3_des_srch3SD202_natlik_betasandwich70120_l885_corrections4XYZZ_mid_lmaster_3_funfol_template_sketch_0001_0002.pdb,0.762,100,0.85,99,0,0,0,69
srch3SD202_natlik_betasandwich70120_l885_corrections4XYZZ_mid_lmaster_3_des_srch3SD202_natlik_betasandwich70120_l885_corrections4XYZZ_mid_lmaster_3_funfol_template_sketch_0001_0004.pdb,0.5,100,0.0,100,0,0,0,69
srch3SD202_natlik_betasandwich70120_l885_corrections4XYZZ_mid_lmaster_3_des_srch3SD202_natlik_betasandwich70120_l885_corrections4XYZZ_mid_lmaster_3_funfol_template_sketch_0001_0003.pdb,0.5,100,0.0,100,0,0,0,69
srch3SD202_natlik_betasandwich70120_l885_corrections4XYZZ_mid_lmaster_3_des_srch3SD202_natlik_betasandwich70120_l885_corrections4XYZZ_mid_lmaster_3_funfol_template_sketch_0001_0007.pdb,0.764,100,0.86,99,0,0,1,68
srch3SD202_natlik_betasandwich70120_l885_corrections4XYZZ_mid_lmaster_4_des_srch3SD202_natlik_betasandwich70120_l885_corrections4XYZZ_mid_lmaster_4_funfol_template_sketch_0001_0002.pdb,1.88,82,5.4,93,0,0,8,61
srch3SD202_natlik_betasandwich70120_l885_corrections4XYZZ_mid_lmaster_4_des_srch3SD202_natlik_betasandwich70120_l885_corrections4XYZZ_mid_lmaster_4_funfol_template_sketch_0001_0007.pdb,1.444,96,2.66,98,0,0,4,65
srch3SD202_natlik_betasandwich70120_l885_corrections4XYZZ_mid_lmaster_4_des_srch3SD202_natlik_betasandwich70120_l885_corrections4XYZZ_mid_lmaster_4_funfol_template_sketch_0001_0005.pdb,1.976,77,8.67,79,0,0,6,63
srch3SD202_natlik_betasandwich70120_l885_corrections4XYZZ_mid_lmaster_4_des_srch3SD202_natlik_betasandwich70120_l885_corrections4XYZZ_mid_lmaster_4_funfol_template_sketch_0001_0003.pdb,1.508,95,2.64,98,0,0,5,64
srch3SD202_natlik_betasandwich70120_l885_corrections4XYZZ_mid_lmaster_4_des_srch3SD202_natlik_betasandwich70120_l885_corrections4XYZZ_mid_lmaster_4_funfol_template_sketch_0001_0010.pdb,1.158,99,0.87,99,0,0,4,65
srch3SD202_natlik_betasandwich70120_l885_corrections4XYZZ_mid_lmaster_4_des_srch3SD202_natlik_betasandwich70120_l885_corrections4XYZZ_mid_lmaster_4_funfol_template_sketch_0001_0009.pdb,1.319,98,1.73,99,0,0,4,65
srch3SD202_natlik_betasandwich70120_l885_corrections4XYZZ_mid_lmaster_4_des_srch3SD202_natlik_betasandwich70120_l885_corrections4XYZZ_mid_lmaster_4_funfol_template_sketch_0001_0004.pdb,1.672,90,4.36,95,0,0,5,64
srch3SD202_natlik_betasandwich70120_l885_corrections4XYZZ_mid_lmaster_4_des_srch3SD202_natlik_betasandwich70120_l885_corrections4XYZZ_mid_lmaster_4_funfol_template_sketch_0001_0006.pdb,1.442,96,2.64,98,0,0,4,65
srch3SD202_natlik_betasandwich70120_l885_corrections4XYZZ_mid_lmaster_4_des_srch3SD202_natlik_betasandwich70120_l885_corrections4XYZZ_mid_lmaster_4_funfol_template_sketch_0001_0008.pdb,1.54,94,3.58,97,0,0,4,65
srch3SD202_natlik_betasandwich70120_l885_corrections4XYZZ_mid_lmaster_4_des_srch3SD202_natlik_betasandwich70120_l885_corrections4XYZZ_mid_lmaster_4_funfol_template_sketch_0001_0001.pdb,1.449,96,3.57,97,0,0,3,66
srch3SD202_natlik_betasandwich70120_l885_corrections4XYZZ_mid_lmaster_1_des_srch3SD202_natlik_betasandwich70120_l885_corrections4XYZZ_mid_lmaster_1_funfol_template_sketch_0001_0009.pdb,1.6769999999999998,90,5.33,93,0,0,4,65
srch3SD202_natlik_betasandwich70120_l885_corrections4XYZZ_mid_lmaster_1_des_srch3SD202_natlik_betasandwich70120_l885_corrections4XYZZ_mid_lmaster_1_funfol_template_sketch_0001_0010.pdb,0.934,100,1.77,99,0,0,0,69
srch3SD202_natlik_betasandwich70120_l885_corrections4XYZZ_mid_lmaster_1_des_srch3SD202_natlik_betasandwich70120_l885_corrections4XYZZ_mid_lmaster_1_funfol_template_sketch_0001_0007.pdb,0.764,100,0.86,99,0,0,1,68
srch3SD202_natlik_betasandwich70120_l885_corrections4XYZZ_mid_lmaster_1_des_srch3SD202_natlik_betasandwich70120_l885_corrections4XYZZ_mid_lmaster_1_funfol_template_sketch_0001_0006.pdb,1.3769999999999998,97,4.39,95,0,0,2,67
srch3SD202_natlik_betasandwich70120_l885_corrections4XYZZ_mid_lmaster_1_des_srch3SD202_natlik_betasandwich70120_l885_corrections4XYZZ_mid_lmaster_1_funfol_template_sketch_0001_0004.pdb,1.306,98,3.56,97,0,0,2,67
srch3SD202_natlik_betasandwich70120_l885_corrections4XYZZ_mid_lmaster_1_des_srch3SD202_natlik_betasandwich70120_l885_corrections4XYZZ_mid_lmaster_1_funfol_template_sketch_0001_0001.pdb,1.215,99,2.68,98,0,0,2,67
srch3SD202_natlik_betasandwich70120_l885_corrections4XYZZ_mid_lmaster_1_des_srch3SD202_natlik_betasandwich70120_l885_corrections4XYZZ_mid_lmaster_1_funfol_template_sketch_0001_0002.pdb,1.208,99,2.62,98,0,0,2,67
srch3SD202_natlik_betasandwich70120_l885_corrections4XYZZ_mid_lmaster_1_des_srch3SD202_natlik_betasandwich70120_l885_corrections4XYZZ_mid_lmaster_1_funfol_template_sketch_0001_0008.pdb,1.3,98,3.49,97,0,0,2,67
srch3SD202_natlik_betasandwich70120_l885_corrections4XYZZ_mid_lmaster_1_des_srch3SD202_natlik_betasandwich70120_l885_corrections4XYZZ_mid_lmaster_1_funfol_template_sketch_0001_0005.pdb,1.2329999999999999,99,1.75,99,0,0,3,66
srch3SD202_natlik_betasandwich70120_l885_corrections4XYZZ_mid_lmaster_1_des_srch3SD202_natlik_betasandwich70120_l885_corrections4XYZZ_mid_lmaster_1_funfol_template_sketch_0001_0003.pdb,1.611,92,4.42,95,0,1,3,65
